Author ,Year,Specimen,H,H_units,B,B_units,t,t_units,SteelTubeType,Fy,Fy_units,Fu,Fu_units,fc,fc_units,fc_type,L,L_units,et,et_units,eb,eb_units,BendingAxis,Pexp,Pexp_units,d_at_Pexp,d_at_Pexp_units,LoadDeformation,Tags,Notes
Chapman & Neogi,1966,DF3,4.5,in,4.5,in,0.379,in,,36850,psi,,,4660,psi,cylinder,16,in,0,in,,,strong,549,kips,,,no,,Data from Knowles and Park (1970)
Chapman & Neogi,1966,DF4,4.522,in,4.522,in,0.173,in,,36850,psi,,,4660,psi,cylinder,16,in,0,in,,,strong,201.6,kips,,,no,,Data from Knowles and Park (1970)
Furlong,1967,Column-3,5,in,5,in,0.084,in,,70.3,ksi,,,6.5,ksi,cylinder,36,in,0,in,,,strong,360,kips,,,no,,Length from Knowles and Park (1970)
Furlong,1967,Column-4,4,in,4,in,0.084,in,,48,ksi,,,3.4,ksi,cylinder,36,in,0,in,,,strong,117.8,kips,,,no,,Length from Knowles and Park (1970)
Furlong,1967,Column-5,4,in,4,in,0.125,in,,48,ksi,,,3.4,ksi,cylinder,36,in,0,in,,,strong,109.8,kips,,,no,,Length from Knowles and Park (1970)
Furlong,1967,Column-6,4,in,4,in,0.125,in,,48,ksi,,,4.18,ksi,cylinder,36,in,0,in,,,strong,150,kips,,,no,,Length from Knowles and Park (1970)
Furlong,1967,Column-7,4,in,4,in,0.125,in,,48,ksi,,,4.18,ksi,cylinder,36,in,0,in,,,strong,152,kips,,,no,,Length from Knowles and Park (1970)
Knowles & Park,1969,Column-13,3,in,3,in,0.132,in,,47000,psi,54500,psi,5200,psi,cylinder,68,in,0,in,,,strong,80000,lbf,,,no,,Concrete Strength from Knowles and Park (1970)
Knowles & Park,1969,Column-14,3,in,3,in,0.132,in,,47000,psi,54500,psi,4935,psi,cylinder,56,in,0,in,,,strong,86600,lbf,,,no,,Concrete Strength from Knowles and Park (1970)
Knowles & Park,1969,Column-15,3,in,3,in,0.132,in,,47000,psi,54500,psi,6780,psi,cylinder,44,in,0,in,,,strong,95000,lbf,,,no,,Concrete Strength from Knowles and Park (1970)
Knowles & Park,1969,Column-16,3,in,3,in,0.132,in,,47000,psi,54500,psi,6535,psi,cylinder,32,in,0,in,,,strong,104000,lbf,,,no,,Concrete Strength from Knowles and Park (1970)
Knowles & Park,1969,Column-17,3,in,3,in,0.132,in,,47000,psi,54500,psi,5925,psi,cylinder,20,in,0,in,,,strong,113700,lbf,,,no,,Concrete Strength from Knowles and Park (1970)
Knowles & Park,1969,Column-18,3,in,3,in,0.132,in,,47000,psi,54500,psi,5925,psi,cylinder,10,in,0,in,,,strong,115000,lbf,,,no,,Concrete Strength from Knowles and Park (1970)
Knowles & Park,1969,BeamColumn-7,3,in,3,in,0.132,in,,47000,psi,54500,psi,6000,psi,cylinder,32,in,0.3,in,,,strong,77750,lbf,0.185,in,no,,Concrete Strength from Knowles and Park (1970)
Knowles & Park,1969,BeamColumn-8,3,in,3,in,0.132,in,,47000,psi,54500,psi,6000,psi,cylinder,56,in,0.3,in,,,strong,63200,lbf,0.41,in,no,,
Knowles & Park,1969,BeamColumn-9,3,in,3,in,0.132,in,,47000,psi,54500,psi,6000,psi,cylinder,32,in,1,in,,,strong,48650,lbf,0.32,in,no,,
Knowles & Park,1969,BeamColumn-10,3,in,3,in,0.132,in,,47000,psi,54500,psi,6000,psi,cylinder,56,in,1,in,,,strong,35150,lbf,0.45,in,no,,
Bridge,1976,SHC-1,203.7,mm,203.9,mm,9.96,mm,ColdFormed,291,MPa,,,29.9,MPa,Cylinder,2.13,m,38,mm,,,strong,1956,kN,,,yes,,
Bridge,1976,SHC-2,204,mm,203.3,mm,10.01,mm,ColdFormed,290,MPa,,,31.1,MPa,Cylinder,3.05,m,0,mm,,,strong,2869,kN,,,yes,,
Bridge,1976,SHC-7,152.5,mm,152.3,mm,6.48,mm,ColdFormed,254,MPa,,,31.1,MPa,Cylinder,3.05,m,38,mm,,,strong,680,kN,,,yes,,
Bridge,1976,SHC-8,152.5,mm,152.3,mm,6.48,mm,ColdFormed,254,MPa,,,31.1,MPa,Cylinder,3.05,m,64,mm,,,strong,513,kN,,,yes,,
Tomii & Sakino,1979,I-A,10,cm,10,cm,2.29,mm,ColdFormed,1.98,tscm,3.53,tscm,326,kgscm,cylinder,300,mm,0,mm,,,strong,50.7,tonne,,,yes,,
Tomii & Sakino,1979,I-B,10,cm,10,cm,2.29,mm,ColdFormed,1.98,tscm,3.53,tscm,326,kgscm,cylinder,300,mm,0,mm,,,strong,50.8,tonne,,,yes,,
Tomii & Sakino,1979,II-A,10,cm,10,cm,2.2,mm,ColdFormed,3.46,tscm,4.19,tscm,218,kgscm,cylinder,300,mm,0,mm,,,strong,52.1,tonne,,,yes,,
Tomii & Sakino,1979,II-B,10,cm,10,cm,2.2,mm,ColdFormed,3.46,tscm,4.19,tscm,218,kgscm,cylinder,300,mm,0,mm,,,strong,52,tonne,,,yes,,
Tomii & Sakino,1979,III-A,10,cm,10,cm,2.99,mm,ColdFormed,2.94,tscm,4.12,tscm,210,kgscm,cylinder,300,mm,0,mm,,,strong,53.9,tonne,,,yes,,
Tomii & Sakino,1979,III-B,10,cm,10,cm,2.99,mm,ColdFormed,2.94,tscm,4.12,tscm,210,kgscm,cylinder,300,mm,0,mm,,,strong,53.8,tonne,,,yes,,
Tomii & Sakino,1979,IV-A,10,cm,10,cm,4.25,mm,ColdFormed,2.9,tscm,4,tscm,202,kgscm,cylinder,300,mm,0,mm,,,strong,68,tonne,,,yes,,
Tomii & Sakino,1979,IV-B,10,cm,10,cm,4.25,mm,ColdFormed,2.9,tscm,4,tscm,202,kgscm,cylinder,300,mm,0,mm,,,strong,67.9,tonne,,,yes,,
Lin,1988,D7,15,cm,15,cm,0.07,cm,ColdFormed,2.5,tscm,,,230,kgscm,,48,cm,0,cm,,,weak,56.9,tonne,,,no,,
Lin,1988,D8,15,cm,15,cm,0.07,cm,ColdFormed,2.5,tscm,,,230,kgscm,,80,cm,0,cm,,,weak,62.4,tonne,,,no,,
Lin,1988,D10,15,cm,15,cm,0.14,cm,ColdFormed,2.5,tscm,,,230,kgscm,,80,cm,0,cm,,,weak,72.6,tonne,,,no,,
Lin,1988,D12,15,cm,15,cm,0.21,cm,ColdFormed,2.5,tscm,,,230,kgscm,,80,cm,0,cm,,,weak,80.9,tonne,,,no,,
Lin,1988,D13,20,cm,15,cm,0.07,cm,ColdFormed,2.5,tscm,,,230,kgscm,,48,cm,0,cm,,,weak,81.1,tonne,,,no,,
Lin,1988,D14,20,cm,15,cm,0.07,cm,ColdFormed,2.5,tscm,,,230,kgscm,,80,cm,0,cm,,,weak,71.9,tonne,,,no,,
Lin,1988,D16,20,cm,15,cm,0.14,cm,ColdFormed,2.5,tscm,,,230,kgscm,,80,cm,0,cm,,,weak,89.9,tonne,,,no,,
Lin,1988,D18,20,cm,15,cm,0.21,cm,ColdFormed,2.5,tscm,,,230,kgscm,,80,cm,0,cm,,,weak,86.1,tonne,,,no,,
Lin,1988,E7,15,cm,15,cm,0.07,cm,ColdFormed,2.5,tscm,,,344,kgscm,,48,cm,0,cm,,,weak,76.2,tonne,,,no,,
Lin,1988,E10,15,cm,15,cm,0.14,cm,ColdFormed,2.5,tscm,,,360,kgscm,,80,cm,0,cm,,,weak,99.3,tonne,,,no,,
Lin,1988,E15,20,cm,15,cm,0.14,cm,ColdFormed,2.5,tscm,,,344,kgscm,,48,cm,0,cm,,,weak,119.6,tonne,,,no,,
Lin,1988,E18,20,cm,15,cm,0.21,cm,ColdFormed,2.5,tscm,,,360,kgscm,,80,cm,0,cm,,,weak,129.3,tonne,,,no,,
Shakir-Khalil & Zeghiche,1989,1,120,mm,80,mm,4.5,mm,ColdFormed,386.3,MPa,,,44,MPa,cube,2940,mm,0,mm,,,weak,600,kN,6,mm,yes,,
Shakir-Khalil & Zeghiche,1989,2,120,mm,80,mm,4.5,mm,ColdFormed,386.3,MPa,,,40,MPa,cube,3210,mm,24,mm,,,strong,393,kN,21.8,mm,yes,,
Shakir-Khalil & Zeghiche,1989,3,120,mm,80,mm,4.47,mm,ColdFormed,384.7,MPa,,,40,MPa,cube,3210,mm,60,mm,,,strong,232,kN,33,mm,yes,,
Shakir-Khalil & Zeghiche,1989,4,120,mm,80,mm,4.47,mm,ColdFormed,384.7,MPa,,,44,MPa,cube,2940,mm,16,mm,,,weak,260,kN,26,mm,yes,,
Shakir-Khalil & Zeghiche,1989,5,120,mm,80,mm,4.47,mm,ColdFormed,343.3,MPa,,,43,MPa,cube,2940,mm,40,mm,,,weak,210,kN,38,mm,yes,,
Shakir-Khalil & Mouli,1990,Stub-1,120,mm,80,mm,5,mm,ColdFormed,357.5,MPa,,,35.7,MPa,Cylinder,200,mm,0,mm,,,strong,850,kN,,,no,,
Shakir-Khalil & Mouli,1990,Stub-2,120,mm,80,mm,5,mm,ColdFormed,341,MPa,,,38.8,MPa,Cylinder,200,mm,0,mm,,,strong,900,kN,,,no,,
Shakir-Khalil & Mouli,1990,Stub-3,120,mm,80,mm,5,mm,ColdFormed,341,MPa,,,40.5,MPa,Cylinder,200,mm,0,mm,,,strong,920,kN,,,no,,
Shakir-Khalil & Mouli,1990,Stub-4,120,mm,80,mm,5,mm,ColdFormed,362.6,MPa,,,39.1,MPa,Cylinder,200,mm,0,mm,,,strong,950,kN,,,no,,
Shakir-Khalil & Mouli,1990,Stub-5,120,mm,80,mm,5,mm,ColdFormed,362.6,MPa,,,36,MPa,Cylinder,200,mm,0,mm,,,strong,955,kN,,,no,,
Shakir-Khalil & Mouli,1990,Stub-6a,150,mm,100,mm,5,mm,ColdFormed,346.7,MPa,,,38.5,MPa,Cylinder,100,mm,0,mm,,,strong,1370,kN,,,no,,
Shakir-Khalil & Mouli,1990,Stub-6b,150,mm,100,mm,5,mm,ColdFormed,346.7,MPa,,,38.5,MPa,Cylinder,200,mm,0,mm,,,strong,1210,kN,,,no,,
Shakir-Khalil & Mouli,1990,Stub-7a,150,mm,100,mm,5,mm,ColdFormed,346.7,MPa,,,38.3,MPa,Cylinder,100,mm,0,mm,,,strong,1340,kN,,,no,,
Shakir-Khalil & Mouli,1990,Stub-7b,150,mm,100,mm,5,mm,ColdFormed,346.7,MPa,,,38.3,MPa,Cylinder,200,mm,0,mm,,,strong,1200,kN,,,no,,
Shakir-Khalil & Mouli,1990,Stub-8a,150,mm,100,mm,5,mm,ColdFormed,340,MPa,,,38.7,MPa,Cylinder,100,mm,0,mm,,,strong,1300,kN,,,no,,
Shakir-Khalil & Mouli,1990,Stub-8b,150,mm,100,mm,5,mm,ColdFormed,340,MPa,,,38.7,MPa,Cylinder,200,mm,0,mm,,,strong,1190,kN,,,no,,
Shakir-Khalil & Mouli,1990,Stub-9a,150,mm,100,mm,5,mm,ColdFormed,340,MPa,,,39.6,MPa,Cylinder,100,mm,0,mm,,,strong,1320,kN,,,no,,
Shakir-Khalil & Mouli,1990,Stub-9b,150,mm,100,mm,5,mm,ColdFormed,340,MPa,,,39.6,MPa,Cylinder,200,mm,0,mm,,,strong,1200,kN,,,no,,
Shakir-Khalil & Mouli,1990,1,120,mm,80,mm,5,mm,ColdFormed,357.5,MPa,,,35.7,MPa,Cylinder,2940,mm,8,mm,,,weak,407.2,kN,19.3,mm,yes,,
Shakir-Khalil & Mouli,1990,6,150,mm,100,mm,5,mm,ColdFormed,346.7,MPa,,,38.5,MPa,Cylinder,2940,mm,0,mm,,,weak,1003,kN,4.2,mm,yes,,
Grauers,1993,1-Stub,120,mm,120,mm,5,mm,ColdFormed,304,MPa,,,47,MPa,Cylinder/150mm,500,mm,0,mm,,,strong,1440,kN,,,,,
Grauers,1993,2-Stub,120,mm,120,mm,5,mm,ColdFormed,438,MPa,,,46,MPa,Cylinder/150mm,500,mm,0,mm,,,strong,1690,kN,,,,,
Grauers,1993,3-Stub,120,mm,120,mm,5,mm,ColdFormed,327,MPa,,,96,MPa,Cylinder/150mm,500,mm,0,mm,,,strong,2040,kN,,,,,
Grauers,1993,4-Stub,120,mm,120,mm,5,mm,ColdFormed,439,MPa,,,96,MPa,Cylinder/150mm,500,mm,0,mm,,,strong,2240,kN,,,,,
Grauers,1993,5-Stub,120,mm,120,mm,8,mm,ColdFormed,323,MPa,,,39,MPa,Cylinder/150mm,500,mm,0,mm,,,strong,1550,kN,,,,,
Grauers,1993,6-Stub,120,mm,120,mm,8,mm,ColdFormed,300,MPa,,,46,MPa,Cylinder/150mm,500,mm,0,mm,,,strong,1670,kN,,,,,
Grauers,1993,7-Stub,120,mm,120,mm,8,mm,ColdFormed,376,MPa,,,57,MPa,Cylinder/150mm,500,mm,0,mm,,,strong,1990,kN,,,,,
Grauers,1993,8-Stub,120,mm,120,mm,8,mm,ColdFormed,323,MPa,,,103,MPa,Cylinder/150mm,500,mm,0,mm,,,strong,2270,kN,,,,,
Grauers,1993,9-Stub,120,mm,120,mm,8,mm,ColdFormed,379,MPa,,,103,MPa,Cylinder/150mm,500,mm,0,mm,,,strong,2680,kN,,,,,
Grauers,1993,10-Stub,120,mm,120,mm,8,mm,ColdFormed,379,MPa,,,39,MPa,Cylinder/150mm,500,mm,0,mm,,,strong,1800,kN,,,,,
Grauers,1993,13-Stub,120,mm,120,mm,8,mm,ColdFormed,364,MPa,,,80,MPa,Cylinder/150mm,500,mm,0,mm,,,strong,2300,kN,,,,,
Grauers,1993,14-Stub,120,mm,120,mm,8,mm,ColdFormed,379,MPa,,,80,MPa,Cylinder/150mm,500,mm,0,mm,,,strong,2290,kN,,,,,
Grauers,1993,25-Stub,120,mm,120,mm,8,mm,ColdFormed,396,MPa,,,92,MPa,Cylinder/150mm,500,mm,0,mm,,,strong,2300,kN,,,,Greased,
Grauers,1993,23-Stub,120,mm,120,mm,8,mm,ColdFormed,379,MPa,,,31,MPa,Cylinder/150mm,500,mm,0,mm,,,strong,1680,kN,,,,,
Grauers,1993,24-Stub,120,mm,120,mm,8,mm,ColdFormed,379,MPa,,,92,MPa,Cylinder/150mm,500,mm,0,mm,,,strong,2430,kN,,,,,
Grauers,1993,27-Stub,250,mm,250,mm,8,mm,ColdFormed,379,MPa,,,33,MPa,Cylinder/150mm,500,mm,0,mm,,,strong,4870,kN,,,,,
Grauers,1993,28-Stub,250,mm,250,mm,8,mm,ColdFormed,379,MPa,,,91,MPa,Cylinder/150mm,500,mm,0,mm,,,strong,8300,kN,,,,,
Grauers,1993,1-Column,120,mm,120,mm,5,mm,ColdFormed,304,MPa,,,47,MPa,Cylinder/150mm,3196,mm,20,mm,,,strong,610,kN,22,mm,,,
Grauers,1993,2-Column,120,mm,120,mm,5,mm,ColdFormed,438,MPa,,,46,MPa,Cylinder/150mm,3196,mm,20,mm,,,strong,700,kN,21,mm,,,
Grauers,1993,3-Column,120,mm,120,mm,5,mm,ColdFormed,327,MPa,,,96,MPa,Cylinder/150mm,3196,mm,20,mm,,,strong,710,kN,33,mm,,,
Grauers,1993,4-Column,120,mm,120,mm,5,mm,ColdFormed,439,MPa,,,96,MPa,Cylinder/150mm,3196,mm,20,mm,,,strong,830,kN,28,mm,,,
Grauers,1993,5-Column,120,mm,120,mm,8,mm,ColdFormed,323,MPa,,,39,MPa,Cylinder/150mm,3196,mm,20,mm,,,strong,740,kN,16,mm,,,
Grauers,1993,6-Column,120,mm,120,mm,8,mm,ColdFormed,300,MPa,,,46,MPa,Cylinder/150mm,3196,mm,20,mm,,,strong,770,kN,16,mm,,,
Grauers,1993,7-Column,120,mm,120,mm,8,mm,ColdFormed,376,MPa,,,57,MPa,Cylinder/150mm,3196,mm,20,mm,,,strong,870,kN,24,mm,,,
Grauers,1993,8-Column,120,mm,120,mm,8,mm,ColdFormed,323,MPa,,,103,MPa,Cylinder/150mm,3196,mm,20,mm,,,strong,820,kN,30,mm,,,
Grauers,1993,9-Column,120,mm,120,mm,8,mm,ColdFormed,379,MPa,,,103,MPa,Cylinder/150mm,3196,mm,20,mm,,,strong,1000,kN,29,mm,,,
Grauers,1993,10-Column,120,mm,120,mm,8,mm,ColdFormed,379,MPa,,,39,MPa,Cylinder/150mm,3196,mm,20,mm,,,strong,820,kN,26,mm,,,
Grauers,1993,13-Column,120,mm,120,mm,8,mm,ColdFormed,364,MPa,,,80,MPa,Cylinder/150mm,3196,mm,10,mm,,,strong,1160,kN,15,mm,,,
Grauers,1993,14-Column,120,mm,120,mm,8,mm,ColdFormed,379,MPa,,,80,MPa,Cylinder/150mm,3196,mm,0,mm,,,strong,1610,kN,5,mm,,,
Grauers,1993,25-Column,120,mm,120,mm,8,mm,ColdFormed,396,MPa,,,92,MPa,Cylinder/150mm,3196,mm,20,mm,,,strong,960,kN,,,,Greased,
Grauers,1993,23-Column,120,mm,120,mm,8,mm,ColdFormed,379,MPa,,,31,MPa,Cylinder/150mm,1696,mm,20,mm,,,strong,1080,kN,5,mm,,,
Grauers,1993,24-Column,120,mm,120,mm,8,mm,ColdFormed,379,MPa,,,92,MPa,Cylinder/150mm,1696,mm,20,mm,,,strong,1300,kN,6,mm,,,
Grauers,1993,27-Column,250,mm,250,mm,8,mm,ColdFormed,379,MPa,,,33,MPa,Cylinder/150mm,3196,mm,20,mm,,,strong,3400,kN,14,mm,,,
Grauers,1993,28-Column,250,mm,250,mm,8,mm,ColdFormed,379,MPa,,,91,MPa,Cylinder/150mm,3196,mm,20,mm,,,strong,5300,kN,12,mm,,,
Bergmann,1994,RE11,180,mm,180,mm,6.3,mm,ColdFormed,396.7,MPa,,,92.4,MPa,Cylinder/150mm,1,m,0,mm,,,strong,4060,kN,,,yes,,
Bergmann,1994,RE14,180,mm,180,mm,6.3,mm,ColdFormed,412.6,MPa,,,92.4,MPa,Cylinder/150mm,4,m,0,mm,,,strong,4008,kN,,,yes,,
Bergmann,1994,RE21,260,mm,260,mm,7.1,mm,ColdFormed,425.9,MPa,,,92.4,MPa,Cylinder/150mm,1,m,0,mm,,,strong,7488,kN,,,yes,,
Bergmann,1994,RE24,260,mm,260,mm,7.1,mm,ColdFormed,413,MPa,,,92.4,MPa,Cylinder/150mm,4,m,0,mm,,,strong,7536,kN,,,yes,,
Matsui & Tsuda,1996,C4-0,15,cm,15,cm,0.45,cm,ColdFormed,4.47,tscm,5,tscm,325,kgscm,,600,mm,0,cm,,,strong,162.9,tonne,,,yes,,
Matsui & Tsuda,1996,C4-1,15,cm,15,cm,0.45,cm,ColdFormed,4.47,tscm,5,tscm,325,kgscm,,600,mm,2.5,cm,,,strong,120.7,tonne,,,yes,,
Matsui & Tsuda,1996,C4-3,15,cm,15,cm,0.45,cm,ColdFormed,4.47,tscm,5,tscm,325,kgscm,,600,mm,7.5,cm,,,strong,74.8,tonne,,,yes,,
Matsui & Tsuda,1996,C4-5,15,cm,15,cm,0.45,cm,ColdFormed,4.47,tscm,5,tscm,325,kgscm,,600,mm,12.5,cm,,,strong,52.4,tonne,,,yes,,
Matsui & Tsuda,1996,C8-0,15,cm,15,cm,0.45,cm,ColdFormed,4.47,tscm,5,tscm,325,kgscm,,1200,mm,0,cm,,,strong,161.7,tonne,,,yes,,
Matsui & Tsuda,1996,C8-1,15,cm,15,cm,0.45,cm,ColdFormed,4.47,tscm,5,tscm,325,kgscm,,1200,mm,2.5,cm,,,strong,115.5,tonne,,,yes,,
Matsui & Tsuda,1996,C8-3,15,cm,15,cm,0.45,cm,ColdFormed,4.47,tscm,5,tscm,325,kgscm,,1200,mm,7.5,cm,,,strong,67.8,tonne,,,yes,,
Matsui & Tsuda,1996,C8-5,15,cm,15,cm,0.45,cm,ColdFormed,4.47,tscm,5,tscm,325,kgscm,,1200,mm,12.5,cm,,,strong,49.4,tonne,,,yes,,
Matsui & Tsuda,1996,C12-0,15,cm,15,cm,0.45,cm,ColdFormed,4.47,tscm,5,tscm,325,kgscm,,1800,mm,0,cm,,,strong,160.4,tonne,,,yes,,
Matsui & Tsuda,1996,C12-1,15,cm,15,cm,0.45,cm,ColdFormed,4.47,tscm,5,tscm,325,kgscm,,1800,mm,2.5,cm,,,strong,104.5,tonne,,,yes,,
Matsui & Tsuda,1996,C12-3,15,cm,15,cm,0.45,cm,ColdFormed,4.47,tscm,5,tscm,325,kgscm,,1800,mm,7.5,cm,,,strong,64.3,tonne,,,yes,,
Matsui & Tsuda,1996,C12-5,15,cm,15,cm,0.45,cm,ColdFormed,4.47,tscm,5,tscm,325,kgscm,,1800,mm,12.5,cm,,,strong,45.4,tonne,,,yes,,
Matsui & Tsuda,1996,C18-0,15,cm,15,cm,0.45,cm,ColdFormed,4.47,tscm,5,tscm,325,kgscm,,2700,mm,0,cm,,,strong,138.3,tonne,,,yes,,
Matsui & Tsuda,1996,C18-1,15,cm,15,cm,0.45,cm,ColdFormed,4.47,tscm,5,tscm,325,kgscm,,2700,mm,2.5,cm,,,strong,86.3,tonne,,,yes,,
Matsui & Tsuda,1996,C18-3,15,cm,15,cm,0.45,cm,ColdFormed,4.47,tscm,5,tscm,325,kgscm,,2700,mm,7.5,cm,,,strong,56.4,tonne,,,yes,,
Matsui & Tsuda,1996,C18-5,15,cm,15,cm,0.45,cm,ColdFormed,4.47,tscm,5,tscm,325,kgscm,,2700,mm,12.5,cm,,,strong,39.8,tonne,,,yes,,
Matsui & Tsuda,1996,C24-0,15,cm,15,cm,0.45,cm,ColdFormed,4.47,tscm,5,tscm,325,kgscm,,3600,mm,0,cm,,,strong,116.6,tonne,,,yes,,
Matsui & Tsuda,1996,C24-1,15,cm,15,cm,0.45,cm,ColdFormed,4.47,tscm,5,tscm,325,kgscm,,3600,mm,2.5,cm,,,strong,71.9,tonne,,,yes,,
Matsui & Tsuda,1996,C24-3,15,cm,15,cm,0.45,cm,ColdFormed,4.47,tscm,5,tscm,325,kgscm,,3600,mm,7.5,cm,,,strong,45,tonne,,,yes,,
Matsui & Tsuda,1996,C24-5,15,cm,15,cm,0.45,cm,ColdFormed,4.47,tscm,5,tscm,325,kgscm,,3600,mm,12.5,cm,,,strong,33.2,tonne,,,yes,,
Matsui & Tsuda,1996,C30-0,15,cm,15,cm,0.45,cm,ColdFormed,4.47,tscm,5,tscm,325,kgscm,,4500,mm,0,cm,,,strong,92.7,tonne,,,yes,,
Matsui & Tsuda,1996,C30-1,15,cm,15,cm,0.45,cm,ColdFormed,4.47,tscm,5,tscm,325,kgscm,,4500,mm,2.5,cm,,,strong,60,tonne,,,yes,,
Matsui & Tsuda,1996,C30-3,15,cm,15,cm,0.45,cm,ColdFormed,4.47,tscm,5,tscm,325,kgscm,,4500,mm,7.5,cm,,,strong,38,tonne,,,yes,,
Matsui & Tsuda,1996,C30-5,15,cm,15,cm,0.45,cm,ColdFormed,4.47,tscm,5,tscm,325,kgscm,,4500,mm,12.5,cm,,,strong,28.2,tonne,,,yes,,
Schneider,1998,S1,127.3,mm,127.3,mm,3.15,mm,ColdFormed,356,MPa,,,30454,kPa,Cylinder,635,mm,0,mm,,,weak,917,kN,,,,,
Schneider,1998,S2,126.9,mm,126.9,mm,4.34,mm,ColdFormed,357,MPa,,,26044,kPa,Cylinder,635,mm,0,mm,,,weak,1095,kN,,,,,
Schneider,1998,S3,127,mm,126.9,mm,4.55,mm,ColdFormed,322,MPa,,,23805,kPa,Cylinder,635,mm,0,mm,,,weak,1113,kN,,,,,
Schneider,1998,S4,126.5,mm,125.3,mm,5.67,mm,ColdFormed,312,MPa,,,23805,kPa,Cylinder,635,mm,0,mm,,,weak,1202,kN,,,,,
Schneider,1998,S5,127.2,mm,126.8,mm,7.47,mm,ColdFormed,347,MPa,,,23805,kPa,Cylinder,635,mm,0,mm,,,weak,2069,kN,,,,,
Schneider,1998,R1,152.3,mm,76.6,mm,3,mm,ColdFormed,430,MPa,,,30454,kPa,Cylinder,635,mm,0,mm,,,weak,819,kN,,,,,
Schneider,1998,R2,152.8,mm,76.5,mm,4.47,mm,ColdFormed,383,MPa,,,26044,kPa,Cylinder,635,mm,0,mm,,,weak,1006,kN,,,,,
Schneider,1998,R3,152.4,mm,101.8,mm,4.32,mm,ColdFormed,413,MPa,,,26044,kPa,Cylinder,635,mm,0,mm,,,weak,1144,kN,,,,,
Schneider,1998,R4,152.7,mm,102.8,mm,4.57,mm,ColdFormed,365,MPa,,,23805,kPa,Cylinder,635,mm,0,mm,,,weak,1224,kN,,,,,
Schneider,1998,R5,151.4,mm,101.3,mm,5.72,mm,ColdFormed,324,MPa,,,23805,kPa,Cylinder,635,mm,0,mm,,,weak,1335,kN,,,,,
Schneider,1998,R6,152.37,mm,102.13,mm,7.34,mm,ColdFormed,358,MPa,,,23805,kPa,Cylinder,635,mm,0,mm,,,weak,1691,kN,,,,,
Varma,2000,SC-32-80,305,mm,305,mm,8.9,mm,ColdFormed,600,MPa,674,MPa,110,MPa,Cylinder,1.2,m,0,m,,,strong,14116,kN,,,,,
Varma,2000,SC-48-80,305,mm,305,mm,6.1,mm,ColdFormed,660,MPa,737,MPa,110,MPa,Cylinder,1.2,m,0,m,,,strong,12307,kN,,,,,
Varma,2000,SC-32-46,305,mm,305,mm,8.6,mm,ColdFormed,269,MPa,429,MPa,110,MPa,Cylinder,1.2,m,0,m,,,strong,11390,kN,,,,,
Varma,2000,SC-48-46,305,mm,305,mm,5.8,mm,ColdFormed,471,MPa,534,MPa,110,MPa,Cylinder,1.2,m,0,m,,,strong,11568,kN,,,,,
Yamamoto et al.,2000,S10D-2A,100.2,mm,100.2,mm,2.18,mm,ColdFormed,300,MPa,,,25.7,MPa,Cylinder,3,ratio_H,0,mm,,,weak,609,kN,,,,,
Yamamoto et al.,2000,S20D-2A,200.3,mm,200.3,mm,4.35,mm,ColdFormed,322,MPa,,,29.6,MPa,Cylinder,3,ratio_H,0,mm,,,weak,2230,kN,,,,,
Yamamoto et al.,2000,S30D-2A,300.5,mm,300.5,mm,6.1,mm,ColdFormed,395,MPa,,,26.5,MPa,Cylinder,3,ratio_H,0,mm,,,weak,5102,kN,,,,,
Yamamoto et al.,2000,S10D-4A,100.1,mm,100.1,mm,2.18,mm,ColdFormed,300,MPa,,,53.7,MPa,Cylinder,3,ratio_H,0,mm,,,weak,851,kN,,,,,
Yamamoto et al.,2000,S20D-4A,200.1,mm,200.1,mm,4.35,mm,ColdFormed,322,MPa,,,57.9,MPa,Cylinder,3,ratio_H,0,mm,,,weak,3201,kN,,,,,
Yamamoto et al.,2000,S30D-4A,300.7,mm,300.7,mm,6.1,mm,ColdFormed,395,MPa,,,52.2,MPa,Cylinder,3,ratio_H,0,mm,,,weak,6496,kN,,,,,
Yamamoto et al.,2000,S10D-6A,100.1,mm,100.1,mm,2.18,mm,ColdFormed,300,MPa,,,61,MPa,Cylinder,3,ratio_H,0,mm,,,weak,911,kN,,,,,
Yamamoto et al.,2000,S20D-6A,200.3,mm,200.3,mm,4.35,mm,ColdFormed,322,MPa,,,63.7,MPa,Cylinder,3,ratio_H,0,mm,,,weak,3417,kN,,,,,
Han & Yao,2003a,M-1-1,130,mm,130,mm,2.65,mm,WeldedBox,340.1,MPa,,,22,MPa,Cube,780,mm,0,mm,,,weak,760,kN,,,,,
Han & Yao,2003a,M-1-2,130,mm,130,mm,2.65,mm,WeldedBox,340.1,MPa,,,22,MPa,Cube,780,mm,0,mm,,,weak,770,kN,,,,,
Han & Yao,2003a,H-1-1,130,mm,130,mm,2.65,mm,WeldedBox,340.1,MPa,,,22,MPa,Cube,780,mm,0,mm,,,weak,690,kN,,,,,
Han & Yao,2003a,H-1-2,130,mm,130,mm,2.65,mm,WeldedBox,340.1,MPa,,,22,MPa,Cube,780,mm,0,mm,,,weak,739,kN,,,,,
Han & Yao,2003a,M-2-1,360,mm,240,mm,2.65,mm,WeldedBox,340.1,MPa,,,22,MPa,Cube,1440,mm,0,mm,,,weak,2300,kN,,,,,
Han & Yao,2003a,M-2-2,360,mm,240,mm,2.65,mm,WeldedBox,340.1,MPa,,,22,MPa,Cube,1440,mm,0,mm,,,weak,2250,kN,,,,,
Han & Yao,2003a,H-2-1,360,mm,240,mm,2.65,mm,WeldedBox,340.1,MPa,,,22,MPa,Cube,1440,mm,0,mm,,,weak,1610,kN,,,,,
Han & Yao,2003a,H-2-2,360,mm,240,mm,2.65,mm,WeldedBox,340.1,MPa,,,22,MPa,Cube,1440,mm,0,mm,,,weak,1600,kN,,,,,
Han & Yao,2003a,M-3-1,195,mm,130,mm,2.65,mm,WeldedBox,340.1,MPa,,,22,MPa,Cube,780,mm,0,mm,,,weak,980,kN,,,,,
Han & Yao,2003a,M-3-2,195,mm,130,mm,2.65,mm,WeldedBox,340.1,MPa,,,22,MPa,Cube,780,mm,0,mm,,,weak,960,kN,,,,,
Han & Yao,2003a,H-3-1,195,mm,130,mm,2.65,mm,WeldedBox,340.1,MPa,,,22,MPa,Cube,780,mm,0,mm,,,weak,880,kN,,,,,
Han & Yao,2003a,H-3-2,195,mm,130,mm,2.65,mm,WeldedBox,340.1,MPa,,,22,MPa,Cube,780,mm,0,mm,,,weak,900,kN,,,,,
Han & Yao,2003a,M-4-1,195,mm,130,mm,2.65,mm,WeldedBox,340.1,MPa,,,22,MPa,Cube,780,mm,14,mm,,,weak,872,kN,,,,,
Han & Yao,2003a,M-4-2,195,mm,130,mm,2.65,mm,WeldedBox,340.1,MPa,,,22,MPa,Cube,780,mm,14,mm,,,weak,812,kN,,,,,
Han & Yao,2003a,H-4-1,195,mm,130,mm,2.65,mm,WeldedBox,340.1,MPa,,,22,MPa,Cube,780,mm,14,mm,,,weak,732,kN,,,,,
Han & Yao,2003a,H-4-2,195,mm,130,mm,2.65,mm,WeldedBox,340.1,MPa,,,22,MPa,Cube,780,mm,14,mm,,,weak,740,kN,,,,,
Han & Yao,2003a,M-5-1,195,mm,130,mm,2.65,mm,WeldedBox,340.1,MPa,,,22,MPa,Cube,780,mm,31,mm,,,weak,646,kN,,,,,
Han & Yao,2003a,M-5-2,195,mm,130,mm,2.65,mm,WeldedBox,340.1,MPa,,,22,MPa,Cube,780,mm,31,mm,,,weak,610,kN,,,,,
Han & Yao,2003a,H-5-1,195,mm,130,mm,2.65,mm,WeldedBox,340.1,MPa,,,22,MPa,Cube,780,mm,31,mm,,,weak,500,kN,,,,,
Han & Yao,2003a,H-5-2,195,mm,130,mm,2.65,mm,WeldedBox,340.1,MPa,,,22,MPa,Cube,780,mm,31,mm,,,weak,514,kN,,,,,
Han & Yao,2003a,M-6-1,195,mm,130,mm,2.65,mm,WeldedBox,340.1,MPa,,,22,MPa,Cube,2340,mm,0,mm,,,weak,890,kN,,,,,
Han & Yao,2003a,M-6-2,195,mm,130,mm,2.65,mm,WeldedBox,340.1,MPa,,,22,MPa,Cube,2340,mm,0,mm,,,weak,815,kN,,,,,
Han & Yao,2003a,H-6-1,195,mm,130,mm,2.65,mm,WeldedBox,340.1,MPa,,,22,MPa,Cube,2340,mm,0,mm,,,weak,645,kN,,,,,
Han & Yao,2003a,H-6-2,195,mm,130,mm,2.65,mm,WeldedBox,340.1,MPa,,,22,MPa,Cube,2340,mm,0,mm,,,weak,625,kN,,,,,
Han & Yao,2003a,M-7-1,195,mm,130,mm,2.65,mm,WeldedBox,340.1,MPa,,,22,MPa,Cube,2340,mm,14,mm,,,weak,670,kN,,,,,
Han & Yao,2003a,M-7-2,195,mm,130,mm,2.65,mm,WeldedBox,340.1,MPa,,,22,MPa,Cube,2340,mm,14,mm,,,weak,635,kN,,,,,
Han & Yao,2003a,H-7-1,195,mm,130,mm,2.65,mm,WeldedBox,340.1,MPa,,,22,MPa,Cube,2340,mm,14,mm,,,weak,525,kN,,,,,
Han & Yao,2003a,H-7-2,195,mm,130,mm,2.65,mm,WeldedBox,340.1,MPa,,,22,MPa,Cube,2340,mm,14,mm,,,weak,500,kN,,,,,
Han & Yao,2003a,M-8-1,135,mm,90,mm,2.65,mm,WeldedBox,340.1,MPa,,,22,MPa,Cube,540,mm,0,mm,,,weak,580,kN,,,,,
Han & Yao,2003a,M-8-2,135,mm,90,mm,2.65,mm,WeldedBox,340.1,MPa,,,22,MPa,Cube,540,mm,0,mm,,,weak,592,kN,,,,,
Han & Yao,2003a,H-8-1,135,mm,90,mm,2.65,mm,WeldedBox,340.1,MPa,,,22,MPa,Cube,540,mm,0,mm,,,weak,570,kN,,,,,
Han & Yao,2003a,H-8-2,135,mm,90,mm,2.65,mm,WeldedBox,340.1,MPa,,,22,MPa,Cube,540,mm,0,mm,,,weak,552,kN,,,,,
Han & Yao,2003a,M-9-1,240,mm,120,mm,2.65,mm,WeldedBox,340.1,MPa,,,22,MPa,Cube,720,mm,0,mm,,,weak,1140,kN,,,,,
Han & Yao,2003a,M-9-2,240,mm,120,mm,2.65,mm,WeldedBox,340.1,MPa,,,22,MPa,Cube,720,mm,0,mm,,,weak,1032,kN,,,,,
Han & Yao,2003a,H-9-1,240,mm,120,mm,2.65,mm,WeldedBox,340.1,MPa,,,22,MPa,Cube,720,mm,0,mm,,,weak,968,kN,,,,,
Han & Yang,2003,R-1,100,mm,60,mm,2.93,mm,WeldedBox,293.5,MPa,,,34.3,MPa,Cube/150mm,600,mm,0,mm,,,strong,490,kN,,,,,
Han & Yang,2003,R-3,100,mm,80,mm,2.93,mm,WeldedBox,293.5,MPa,,,34.3,MPa,Cube/150mm,600,mm,0,mm,,,strong,680,kN,,,,,
Han & Yang,2003,R-5,120,mm,60,mm,2.93,mm,WeldedBox,293.5,MPa,,,34.3,MPa,Cube/150mm,600,mm,0,mm,,,strong,570,kN,,,,,
Han & Yang,2003,R-7,120,mm,90,mm,2.93,mm,WeldedBox,293.5,MPa,,,34.3,MPa,Cube/150mm,600,mm,0,mm,,,strong,825,kN,,,,,
Han & Yao ,2003b,S-1,120,mm,120,mm,2.65,mm,WeldedBox,340,MPa,439.6,MPa,20.1,MPa,Cube/150mm,360,mm,0,mm,,,weak,640,kN,,,,,
Han & Yao,2003b,SP-1,120,mm,120,mm,2.65,mm,WeldedBox,340,MPa,439.6,MPa,20.1,MPa,Cube/150mm,360,mm,0,mm,,,weak,664,kN,,,,PreloadedSteel,
Han & Yao,2003b,S-2,120,mm,120,mm,2.65,mm,WeldedBox,340,MPa,439.6,MPa,20.1,MPa,Cube/150mm,360,mm,14,mm,,,weak,533,kN,,,,,
Han & Yao,2003b,SP-2,120,mm,120,mm,2.65,mm,WeldedBox,340,MPa,439.6,MPa,20.1,MPa,Cube/150mm,360,mm,14,mm,,,weak,538,kN,,,,PreloadedSteel,
Han & Yao,2003b,S-3,120,mm,120,mm,2.65,mm,WeldedBox,340,MPa,439.6,MPa,36,MPa,Cube/150mm,360,mm,0,mm,,,weak,816,kN,,,,,
Han & Yao,2003b,SP-3,120,mm,120,mm,2.65,mm,WeldedBox,340,MPa,439.6,MPa,36,MPa,Cube/150mm,360,mm,0,mm,,,weak,812,kN,,,,PreloadedSteel,
Han & Yao,2003b,S-4,120,mm,120,mm,2.65,mm,WeldedBox,340,MPa,439.6,MPa,36,MPa,Cube/150mm,360,mm,14,mm,,,weak,600,kN,,,,,
Han & Yao,2003b,SP-4,120,mm,120,mm,2.65,mm,WeldedBox,340,MPa,439.6,MPa,36,MPa,Cube/150mm,360,mm,14,mm,,,weak,622,kN,,,,PreloadedSteel,
Han & Yao,2003b,SP-5,120,mm,120,mm,2.65,mm,WeldedBox,340,MPa,439.6,MPa,36,MPa,Cube/150mm,360,mm,14,mm,,,weak,650,kN,,,,PreloadedSteel,
Han & Yao,2003b,SP-6,120,mm,120,mm,2.65,mm,WeldedBox,340,MPa,439.6,MPa,36,MPa,Cube/150mm,360,mm,31,mm,,,weak,500,kN,,,,PreloadedSteel,
Han & Yao,2003b,L-2,120,mm,120,mm,2.65,mm,WeldedBox,340,MPa,439.6,MPa,36,MPa,Cube/150mm,1400,mm,0,mm,,,weak,769,kN,,,,,
Han & Yao,2003b,LP-2,120,mm,120,mm,2.65,mm,WeldedBox,340,MPa,439.6,MPa,36,MPa,Cube/150mm,1400,mm,0,mm,,,weak,730,kN,,,,PreloadedSteel,
Han & Yao,2003b,L-1,120,mm,120,mm,2.65,mm,WeldedBox,340,MPa,439.6,MPa,36,MPa,Cube/150mm,1400,mm,14,mm,,,weak,590,kN,,,,,
Han & Yao,2003b,LP-1,120,mm,120,mm,2.65,mm,WeldedBox,340,MPa,439.6,MPa,36,MPa,Cube/150mm,1400,mm,14,mm,,,weak,560,kN,,,,PreloadedSteel,
Han & Yao,2003b,LP-3,120,mm,120,mm,2.65,mm,WeldedBox,340,MPa,439.6,MPa,36,MPa,Cube/150mm,1400,mm,14,mm,,,weak,552,kN,,,,PreloadedSteel,
Han & Yao,2003b,LP-4,120,mm,120,mm,2.65,mm,WeldedBox,340,MPa,439.6,MPa,36,MPa,Cube/150mm,1400,mm,31,mm,,,weak,452,kN,,,,PreloadedSteel,
Han & Yao,2003b,L-5,120,mm,120,mm,2.65,mm,WeldedBox,340,MPa,439.6,MPa,30,MPa,Cube/150mm,1400,mm,31,mm,,,weak,412,kN,,,,,
Han & Yao,2003b,LP-6,120,mm,120,mm,2.65,mm,WeldedBox,340,MPa,439.6,MPa,30,MPa,Cube/150mm,1400,mm,31,mm,,,weak,397,kN,,,,PreloadedSteel,
Han & Yao,2003b,LP-7,120,mm,120,mm,2.65,mm,WeldedBox,340,MPa,439.6,MPa,30,MPa,Cube/150mm,1400,mm,31,mm,,,weak,390,kN,,,,PreloadedSteel,
Mursi et al.,2003,SL-C110,120,mm,120,mm,5,mm,WeldedBox,761,MPa,813,MPa,20.34,MPa,Cylinder,3020,mm,8,mm,,,strong,1481,kN,,,yes,,Tubes had stiffener plates at the member ends
Mursi et al.,2003,SL-C160,170,mm,170,mm,5,mm,WeldedBox,761,MPa,813,MPa,20.34,MPa,Cylinder,3020,mm,15,mm,,,strong,2126,kN,,,yes,,Tubes had stiffener plates at the member ends
Mursi et al.,2003,SL-C210,220,mm,220,mm,5,mm,WeldedBox,761,MPa,813,MPa,20.34,MPa,Cylinder,3020,mm,18,mm,,,strong,2939,kN,,,yes,,Tubes had stiffener plates at the member ends
Mursi et al.,2003,SL-C260,270,mm,270,mm,5,mm,WeldedBox,761,MPa,813,MPa,20.34,MPa,Cylinder,3020,mm,23,mm,,,strong,3062,kN,,,yes,,Tubes had stiffener plates at the member ends
Fujimoto et al. ,2004,ER4-A-4-19,149,mm,149,mm,4.38,mm,ColdFormed,262,MPa,411,MPa,40.5,MPa,Cylinder,648,mm,200,mm,,,strong,267,kN,,,yes,,
Fujimoto et al. ,2004,ER4-A-4-57,148,mm,148,mm,4.38,mm,ColdFormed,262,MPa,411,MPa,40.5,MPa,Cylinder,648,mm,45,mm,,,strong,823,kN,,,yes,,
Fujimoto et al. ,2004,ER4-C-2-25,215,mm,215,mm,4.38,mm,ColdFormed,262,MPa,411,MPa,25.4,MPa,Cylinder,648,mm,200,mm,,,strong,503,kN,,,yes,,
Fujimoto et al. ,2004,ER4-C-2-56,214,mm,214,mm,4.38,mm,ColdFormed,262,MPa,411,MPa,25.4,MPa,Cylinder,648,mm,60,mm,,,strong,1141,kN,,,yes,,
Fujimoto et al. ,2004,ER4-C-4-21,215,mm,215,mm,4.38,mm,ColdFormed,262,MPa,411,MPa,40.5,MPa,Cylinder,648,mm,200,mm,,,strong,580,kN,,,yes,,
Fujimoto et al. ,2004,ER4-C-4-38,215,mm,215,mm,4.38,mm,ColdFormed,262,MPa,411,MPa,40.5,MPa,Cylinder,648,mm,100,mm,,,strong,1028,kN,,,yes,,
Fujimoto et al. ,2004,ER4-C-4-51,215,mm,215,mm,4.38,mm,ColdFormed,262,MPa,411,MPa,40.5,MPa,Cylinder,648,mm,60,mm,,,strong,1369,kN,,,yes,,
Fujimoto et al. ,2004,ER4-C-8-33,214,mm,214,mm,4.38,mm,ColdFormed,262,MPa,411,MPa,77,MPa,Cylinder,648,mm,100,mm,,,strong,1448,kN,,,yes,,
Fujimoto et al. ,2004,ER4-C-8-46,215,mm,215,mm,4.38,mm,ColdFormed,262,MPa,411,MPa,77,MPa,Cylinder,648,mm,60,mm,,,strong,2014,kN,,,yes,,
Fujimoto et al. ,2004,ER4-D-4-27,323,mm,323,mm,4.38,mm,ColdFormed,262,MPa,411,MPa,40.5,MPa,Cylinder,648,mm,200,mm,,,strong,1479,kN,,,yes,,
Fujimoto et al. ,2004,ER4-D-4-60,323,mm,323,mm,4.38,mm,ColdFormed,262,MPa,411,MPa,40.5,MPa,Cylinder,648,mm,60,mm,,,strong,3306,kN,,,yes,,
Fujimoto et al. ,2004,ER6-A-4-22,144,mm,144,mm,6.36,mm,ColdFormed,618,MPa,673,MPa,40.5,MPa,Cylinder,648,mm,200,mm,,,strong,611,kN,,,yes,,
Fujimoto et al. ,2004,ER6-A-4-61,144,mm,144,mm,6.36,mm,ColdFormed,618,MPa,673,MPa,40.5,MPa,Cylinder,648,mm,45,mm,,,strong,1701,kN,,,yes,,
Fujimoto et al. ,2004,ER6-C-2-58,210,mm,210,mm,6.36,mm,ColdFormed,618,MPa,673,MPa,25.4,MPa,Cylinder,648,mm,60,mm,,,strong,2393,kN,,,yes,,
Fujimoto et al. ,2004,ER6-C-4-18,210,mm,210,mm,6.36,mm,ColdFormed,618,MPa,673,MPa,40.5,MPa,Cylinder,648,mm,300,mm,,,strong,858,kN,,,yes,WeldFailure,Weld failure prior to maximum strength
Fujimoto et al. ,2004,ER6-C-4-44,210,mm,210,mm,6.36,mm,ColdFormed,618,MPa,673,MPa,40.5,MPa,Cylinder,648,mm,100,mm,,,strong,2092,kN,,,yes,,
Fujimoto et al. ,2004,ER6-C-4-57,209,mm,209,mm,6.36,mm,ColdFormed,618,MPa,673,MPa,40.5,MPa,Cylinder,648,mm,60,mm,,,strong,2694,kN,,,yes,,
Fujimoto et al. ,2004,ER6-C-8-24,210,mm,210,mm,6.36,mm,ColdFormed,618,MPa,673,MPa,77,MPa,Cylinder,648,mm,200,mm,,,strong,1486,kN,,,yes,,Weld failure after maximum strength
Fujimoto et al. ,2004,ER6-C-8-54,210,mm,210,mm,6.36,mm,ColdFormed,618,MPa,673,MPa,77,MPa,Cylinder,648,mm,60,mm,,,strong,3396,kN,,,yes,,
Fujimoto et al. ,2004,ER6-D-4-23,319,mm,319,mm,6.36,mm,ColdFormed,618,MPa,673,MPa,40.5,MPa,Cylinder,648,mm,300,mm,,,strong,1969,kN,,,yes,WeldFailure,Weld failure prior to maximum strength
Fujimoto et al. ,2004,ER6-D-4-47,319,mm,319,mm,6.36,mm,ColdFormed,618,MPa,673,MPa,40.5,MPa,Cylinder,648,mm,100,mm,,,strong,4045,kN,,,yes,,
Ghannam et al.,2004,C1-N,200,mm,100,mm,5,mm,ColdFormed,360,MPa,,,33.4,MPa,Cube,2000,mm,0,mm,,,weak,1242,kN,,,yes,,
Ghannam et al.,2004,C2-N,200,mm,100,mm,5,mm,ColdFormed,360,MPa,,,33.4,MPa,Cube,2000,mm,0,mm,,,weak,1242,kN,,,yes,,
Ghannam et al.,2004,C3-LW,200,mm,100,mm,5,mm,ColdFormed,360,MPa,,,10,MPa,Cube,2000,mm,0,mm,,,weak,1062,kN,,,yes,LightweightConcrete,
Ghannam et al.,2004,C4-LW,200,mm,100,mm,5,mm,ColdFormed,360,MPa,,,10,MPa,Cube,2000,mm,0,mm,,,weak,1022,kN,,,yes,LightweightConcrete,
Ghannam et al.,2004,C6-N,140,mm,140,mm,4,mm,ColdFormed,366,MPa,,,33.4,MPa,Cube,2100,mm,0,mm,,,weak,1011,kN,,,no,,
Ghannam et al.,2004,C7-LW,140,mm,140,mm,4,mm,ColdFormed,366,MPa,,,10,MPa,Cube,2100,mm,0,mm,,,weak,716,kN,,,no,LightweightConcrete,
Ghannam et al.,2004,C8-N,140,mm,140,mm,5,mm,ColdFormed,362,MPa,,,33.4,MPa,Cube,2100,mm,0,mm,,,weak,1248,kN,,,no,,
Ghannam et al.,2004,C9-LW,140,mm,140,mm,5,mm,ColdFormed,362,MPa,,,10,MPa,Cube,2100,mm,0,mm,,,weak,1005,kN,,,yes,LightweightConcrete,
Ghannam et al.,2004,C28-N,150,mm,90,mm,3,mm,ColdFormed,320,MPa,,,33.4,MPa,Cube,2250,mm,0,mm,,,weak,691,kN,,,no,,
Ghannam et al.,2004,C29-N,150,mm,90,mm,3,mm,ColdFormed,320,MPa,,,33.4,MPa,Cube,2250,mm,0,mm,,,weak,638,kN,,,no,,
Ghannam et al.,2004,C30-LW,150,mm,90,mm,3,mm,ColdFormed,320,MPa,,,10,MPa,Cube,2250,mm,0,mm,,,weak,503,kN,,,yes,LightweightConcrete,
Ghannam et al.,2004,C31-LW,150,mm,90,mm,3,mm,ColdFormed,320,MPa,,,10,MPa,Cube,2250,mm,0,mm,,,weak,491,kN,,,no,LightweightConcrete,
Ghannam et al.,2004,C32-LW,150,mm,90,mm,3,mm,ColdFormed,320,MPa,,,10,MPa,Cube,2250,mm,0,mm,,,weak,515,kN,,,no,LightweightConcrete,
Ghannam et al.,2004,C33-LW,150,mm,90,mm,3,mm,ColdFormed,320,MPa,,,10,MPa,Cube,2250,mm,0,mm,,,weak,492,kN,,,no,LightweightConcrete,
Ghannam et al.,2004,C34-N,150,mm,90,mm,3,mm,ColdFormed,320,MPa,,,33.4,MPa,Cube,2250,mm,0,mm,,,weak,738,kN,,,no,,
Ghannam et al.,2004,C35-N,150,mm,90,mm,3,mm,ColdFormed,320,MPa,,,33.4,MPa,Cube,2250,mm,0,mm,,,weak,625,kN,,,no,,
Ghannam et al.,2004,C36-N,100,mm,100,mm,2,mm,ColdFormed,240,MPa,,,33.4,MPa,Cube,2500,mm,0,mm,,,weak,350,kN,,,no,,
Ghannam et al.,2004,C37-N,100,mm,100,mm,2,mm,ColdFormed,240,MPa,,,33.4,MPa,Cube,2500,mm,0,mm,,,weak,360,kN,,,no,,
Ghannam et al.,2004,C38-N,100,mm,100,mm,2,mm,ColdFormed,240,MPa,,,33.4,MPa,Cube,2500,mm,0,mm,,,weak,396,kN,,,no,,
Ghannam et al.,2004,C39-N,100,mm,100,mm,2,mm,ColdFormed,240,MPa,,,33.4,MPa,Cube,2500,mm,0,mm,,,weak,342,kN,,,no,,
Ghannam et al.,2004,C40LW,100,mm,100,mm,2,mm,ColdFormed,240,MPa,,,10,MPa,Cube,2500,mm,0,mm,,,weak,261,kN,,,no,LightweightConcrete,
Ghannam et al.,2004,C41LW,100,mm,100,mm,2,mm,ColdFormed,240,MPa,,,10,MPa,Cube,2500,mm,0,mm,,,weak,240,kN,,,no,LightweightConcrete,
Ghannam et al.,2004,C42LW,100,mm,100,mm,2,mm,ColdFormed,240,MPa,,,10,MPa,Cube,2500,mm,0,mm,,,weak,265,kN,,,no,LightweightConcrete,
Ghannam et al.,2004,C43LW,100,mm,100,mm,2,mm,ColdFormed,240,MPa,,,10,MPa,Cube,2500,mm,0,mm,,,weak,243,kN,,,yes,LightweightConcrete,
Han et al.,2004,S-1,100,mm,100,mm,2.93,mm,WeldedBox,293.5,MPa,,,34.3,MPa,Cube,600,mm,0,mm,,,strong,802,kN,,,,,
Han et al.,2004,S-2,120,mm,120,mm,2.93,mm,WeldedBox,293.5,MPa,,,34.3,MPa,Cube,600,mm,0,mm,,,strong,1054,kN,,,,,
Han & Yao,2004,sssc-1,200,mm,200,mm,3,mm,WeldedBox,303.5,MPa,,,58.5,MPa,Cube,600,mm,0,mm,,,weak,2458,kN,,,,,
Han & Yao,2004,sssc-2,200,mm,200,mm,3,mm,WeldedBox,303.5,MPa,,,58.5,MPa,Cube,600,mm,0,mm,,,weak,2594,kN,,,,,
Han & Yao,2004,ssh-1,200,mm,200,mm,3,mm,WeldedBox,303.5,MPa,,,58.5,MPa,Cube,600,mm,0,mm,,,weak,2306,kN,,,,,
Han & Yao,2004,ssh-2,200,mm,200,mm,3,mm,WeldedBox,303.5,MPa,,,58.5,MPa,Cube,600,mm,0,mm,,,weak,2284,kN,,,,,
Han & Yao,2004,ssv-1,200,mm,200,mm,3,mm,WeldedBox,303.5,MPa,,,58.5,MPa,Cube,600,mm,0,mm,,,weak,2550,kN,,,,,
Han & Yao,2004,ssv-2,200,mm,200,mm,3,mm,WeldedBox,303.5,MPa,,,58.5,MPa,Cube,600,mm,0,mm,,,weak,2587,kN,,,,,
Han & Yao,2004,lssc1-1,200,mm,200,mm,3,mm,WeldedBox,303.5,MPa,,,58.5,MPa,Cube,2310,mm,0,mm,,,weak,1986,kN,,,,,
Han & Yao,2004,lssc1-2,200,mm,200,mm,3,mm,WeldedBox,303.5,MPa,,,58.5,MPa,Cube,2310,mm,0,mm,,,weak,2045,kN,,,,,
Han & Yao,2004,lsh1-1,200,mm,200,mm,3,mm,WeldedBox,303.5,MPa,,,58.5,MPa,Cube,2310,mm,0,mm,,,weak,2280,kN,,,,,
Han & Yao,2004,lsh1-2,200,mm,200,mm,3,mm,WeldedBox,303.5,MPa,,,58.5,MPa,Cube,2310,mm,0,mm,,,weak,2173,kN,,,,,
Han & Yao,2004,lsv1,200,mm,200,mm,3,mm,WeldedBox,303.5,MPa,,,58.5,MPa,Cube,2310,mm,0,mm,,,weak,2258,kN,,,,,
Han & Yao,2004,lssc2-1,200,mm,200,mm,3,mm,WeldedBox,303.5,MPa,,,58.5,MPa,Cube,2310,mm,30,mm,,,weak,1450,kN,,,,,
Han & Yao,2004,lssc2-2,200,mm,200,mm,3,mm,WeldedBox,303.5,MPa,,,58.5,MPa,Cube,2310,mm,30,mm,,,weak,1415,kN,,,,,
Han & Yao,2004,lsh2-1,200,mm,200,mm,3,mm,WeldedBox,303.5,MPa,,,58.5,MPa,Cube,2310,mm,30,mm,,,weak,1502,kN,,,,,
Han & Yao,2004,lsh2-2,200,mm,200,mm,3,mm,WeldedBox,303.5,MPa,,,58.5,MPa,Cube,2310,mm,30,mm,,,weak,1535,kN,,,,,
Han & Yao,2004,lsv2,200,mm,200,mm,3,mm,WeldedBox,303.5,MPa,,,58.5,MPa,Cube,2310,mm,30,mm,,,weak,1620,kN,,,,,
Lam & Williams,2004,S3,100.7,mm,100.7,mm,4.8,mm,,400,MPa,,,30.8,MPa,Cube,301,mm,0,mm,,,weak,1550,kN,,,yes,,
Lam & Williams,2004,S4,101,mm,101,mm,9.6,mm,,400,MPa,,,93.6,MPa,Cube,300,mm,0,mm,,,weak,2000,kN,,,yes,,
Lam & Williams,2004,S5,99.9,mm,99.9,mm,4.9,mm,,289,MPa,,,30.8,MPa,Cube,301,mm,0,mm,,,weak,800,kN,,,yes,,
Lam & Williams,2004,S6,99.8,mm,99.8,mm,4.9,mm,,289,MPa,,,93.6,MPa,Cube,300,mm,0,mm,,,weak,900,kN,,,yes,,
Lam & Williams,2004,S7,100.1,mm,100.1,mm,4.2,mm,,333,MPa,,,34.7,MPa,Cube,301,mm,0,mm,,,weak,700,kN,,,yes,,
Lam & Williams,2004,S8,100,mm,100,mm,4.2,mm,,333,MPa,,,34.7,MPa,Cube,302,mm,0,mm,,,weak,680,kN,,,yes,Greased,
Lam & Williams,2004,S9,100,mm,100,mm,4.1,mm,,333,MPa,,,97.2,MPa,Cube,299,mm,0,mm,,,weak,1130,kN,,,yes,,
Lam & Williams,2004,S10,100,mm,100,mm,4.1,mm,,333,MPa,,,97.2,MPa,Cube,300,mm,0,mm,,,weak,970,kN,,,yes,Greased,
Lam & Williams,2004,S12,100,mm,100,mm,4.1,mm,,333,MPa,,,57.6,MPa,Cube,301,mm,0,mm,,,weak,880,kN,,,yes,,
Lam & Williams,2004,S13,99.9,mm,99.9,mm,4,mm,,333,MPa,,,57.6,MPa,Cube,301,mm,0,mm,,,weak,830,kN,,,yes,Greased,
Lam & Williams,2004,S14,101,mm,101,mm,9.6,mm,,400,MPa,,,57.6,MPa,Cube,302,mm,0,mm,,,weak,1800,kN,,,yes,,
Lam & Williams,2004,S15,99.8,mm,99.8,mm,4.8,mm,,289,MPa,,,31.9,MPa,Cube,302,mm,0,mm,,,weak,780,kN,,,yes,Greased,
Lam & Williams,2004,S16,99.7,mm,99.7,mm,4.7,mm,,289,MPa,,,58.2,MPa,Cube,301,mm,0,mm,,,weak,1000,kN,,,yes,,
Lam & Williams,2004,S17,99.7,mm,99.7,mm,4.73,mm,,289,MPa,,,98.9,MPa,Cube,302,mm,0,mm,,,weak,1050,kN,,,yes,Greased,
Lam & Williams,2004,S18,99.9,mm,99.9,mm,4.1,mm,,333,MPa,,,98.9,MPa,Cube,301,mm,0,mm,,,weak,1130,kN,,,yes,,
Sakino et al. ,2004,CR4-A-2,148,mm,148,mm,4.38,mm,ColdFormed,262,MPa,300,MPa,25.4,MPa,Cylinder,3,ratio_H,0,mm,,,weak,1153,kN,,,yes,,
Sakino et al. ,2004,CR4-A-4-1,148,mm,148,mm,4.38,mm,ColdFormed,262,MPa,300,MPa,40.5,MPa,Cylinder,3,ratio_H,0,mm,,,weak,1414,kN,,,yes,,
Sakino et al. ,2004,CR4-A-4-2,148,mm,148,mm,4.38,mm,ColdFormed,262,MPa,300,MPa,40.5,MPa,Cylinder,3,ratio_H,0,mm,,,weak,1402,kN,,,yes,,
Sakino et al. ,2004,CR4-A-8,148,mm,148,mm,4.38,mm,ColdFormed,262,MPa,300,MPa,77,MPa,Cylinder,3,ratio_H,0,mm,,,weak,2108,kN,,,yes,,
Sakino et al. ,2004,CR4-C-2,215,mm,215,mm,4.38,mm,ColdFormed,262,MPa,300,MPa,25.4,MPa,Cylinder,3,ratio_H,0,mm,,,weak,1777,kN,,,yes,,
Sakino et al. ,2004,CR4-C-4-1,215,mm,215,mm,4.38,mm,ColdFormed,262,MPa,300,MPa,41.1,MPa,Cylinder,3,ratio_H,0,mm,,,weak,2424,kN,,,yes,,
Sakino et al. ,2004,CR4-C-4-2,215,mm,215,mm,4.38,mm,ColdFormed,262,MPa,300,MPa,41.1,MPa,Cylinder,3,ratio_H,0,mm,,,weak,2393,kN,,,yes,,
Sakino et al. ,2004,CR4-C-8,215,mm,215,mm,4.38,mm,ColdFormed,262,MPa,300,MPa,80.3,MPa,Cylinder,3,ratio_H,0,mm,,,weak,3837,kN,,,yes,,
Sakino et al. ,2004,CR4-D-2,323,mm,323,mm,4.38,mm,ColdFormed,262,MPa,300,MPa,25.4,MPa,Cylinder,3,ratio_H,0,mm,,,weak,3367,kN,,,yes,,
Sakino et al. ,2004,CR4-D-4-1,323,mm,323,mm,4.38,mm,ColdFormed,262,MPa,300,MPa,41.1,MPa,Cylinder,3,ratio_H,0,mm,,,weak,4950,kN,,,yes,,
Sakino et al. ,2004,CR4-D-4-2,323,mm,323,mm,4.38,mm,ColdFormed,262,MPa,300,MPa,41.1,MPa,Cylinder,3,ratio_H,0,mm,,,weak,4830,kN,,,yes,,
Sakino et al. ,2004,CR4-D-8,324,mm,324,mm,4.38,mm,ColdFormed,262,MPa,300,MPa,80.3,MPa,Cylinder,3,ratio_H,0,mm,,,weak,7481,kN,,,yes,,
Sakino et al. ,2004,CR6-A-2,144,mm,144,mm,6.36,mm,ColdFormed,618,MPa,651,MPa,25.4,MPa,Cylinder,3,ratio_H,0,mm,,,weak,2572,kN,,,yes,,
Sakino et al. ,2004,CR6-A-4-1,144,mm,144,mm,6.36,mm,ColdFormed,618,MPa,651,MPa,40.5,MPa,Cylinder,3,ratio_H,0,mm,,,weak,2808,kN,,,yes,,
Sakino et al. ,2004,CR6-A-4-2,144,mm,144,mm,6.36,mm,ColdFormed,618,MPa,651,MPa,40.5,MPa,Cylinder,3,ratio_H,0,mm,,,weak,2765,kN,,,yes,,
Sakino et al. ,2004,CR6-A-8,144,mm,144,mm,6.36,mm,ColdFormed,618,MPa,651,MPa,77,MPa,Cylinder,3,ratio_H,0,mm,,,weak,3399,kN,,,yes,,
Sakino et al. ,2004,CR6-C-2,211,mm,211,mm,6.36,mm,ColdFormed,618,MPa,651,MPa,25.4,MPa,Cylinder,3,ratio_H,0,mm,,,weak,3920,kN,,,yes,,
Sakino et al. ,2004,CR6-C-4-1,211,mm,211,mm,6.36,mm,ColdFormed,618,MPa,651,MPa,40.5,MPa,Cylinder,3,ratio_H,0,mm,,,weak,4428,kN,,,yes,,
Sakino et al. ,2004,CR6-C-4-2,211,mm,211,mm,6.36,mm,ColdFormed,618,MPa,651,MPa,40.5,MPa,Cylinder,3,ratio_H,0,mm,,,weak,4484,kN,,,yes,,
Sakino et al. ,2004,CR6-C-8,211,mm,211,mm,6.36,mm,ColdFormed,618,MPa,651,MPa,77,MPa,Cylinder,3,ratio_H,0,mm,,,weak,5758,kN,,,yes,,
Sakino et al. ,2004,CR6-D-2,319,mm,319,mm,6.36,mm,ColdFormed,618,MPa,651,MPa,25.4,MPa,Cylinder,3,ratio_H,0,mm,,,weak,6320,kN,,,yes,,
Sakino et al. ,2004,CR6-D-4-1,319,mm,319,mm,6.36,mm,ColdFormed,618,MPa,651,MPa,41.1,MPa,Cylinder,3,ratio_H,0,mm,,,weak,7780,kN,,,yes,,
Sakino et al. ,2004,CR6-D-4-2,318,mm,318,mm,6.36,mm,ColdFormed,618,MPa,651,MPa,41.1,MPa,Cylinder,3,ratio_H,0,mm,,,weak,7473,kN,,,yes,,
Sakino et al. ,2004,CR6-D-8,319,mm,319,mm,6.36,mm,ColdFormed,618,MPa,651,MPa,85.1,MPa,Cylinder,3,ratio_H,0,mm,,,weak,10357,kN,,,yes,,
Sakino et al. ,2004,CR8-A-2,120,mm,120,mm,6.47,mm,ColdFormed,835,MPa,908,MPa,25.4,MPa,Cylinder,3,ratio_H,0,mm,,,weak,2819,kN,,,yes,,
Sakino et al. ,2004,CR8-A-4-1,120,mm,120,mm,6.47,mm,ColdFormed,835,MPa,908,MPa,40.5,MPa,Cylinder,3,ratio_H,0,mm,,,weak,2957,kN,,,yes,,
Sakino et al. ,2004,CR8-A-4-2,120,mm,120,mm,6.47,mm,ColdFormed,835,MPa,908,MPa,40.5,MPa,Cylinder,3,ratio_H,0,mm,,,weak,2961,kN,,,yes,,
Sakino et al. ,2004,CR8-A-8,119,mm,119,mm,6.47,mm,ColdFormed,835,MPa,908,MPa,77,MPa,Cylinder,3,ratio_H,0,mm,,,weak,3318,kN,,,yes,,
Sakino et al. ,2004,CR8-C-2,175,mm,175,mm,6.47,mm,ColdFormed,835,MPa,908,MPa,25.4,MPa,Cylinder,3,ratio_H,0,mm,,,weak,4210,kN,,,yes,,
Sakino et al. ,2004,CR8-C-4-1,175,mm,175,mm,6.47,mm,ColdFormed,835,MPa,908,MPa,40.5,MPa,Cylinder,3,ratio_H,0,mm,,,weak,4493,kN,,,yes,,
Sakino et al. ,2004,CR8-C-4-2,175,mm,175,mm,6.47,mm,ColdFormed,835,MPa,908,MPa,40.5,MPa,Cylinder,3,ratio_H,0,mm,,,weak,4542,kN,,,yes,,
Sakino et al. ,2004,CR8-C-8,175,mm,175,mm,6.47,mm,ColdFormed,835,MPa,908,MPa,77,MPa,Cylinder,3,ratio_H,0,mm,,,weak,5366,kN,,,yes,,
Sakino et al. ,2004,CR8-D-2,265,mm,265,mm,6.47,mm,ColdFormed,835,MPa,908,MPa,25.4,MPa,Cylinder,3,ratio_H,0,mm,,,weak,6546,kN,,,yes,,
Sakino et al. ,2004,CR8-D-4-1,264,mm,264,mm,6.47,mm,ColdFormed,835,MPa,908,MPa,41.1,MPa,Cylinder,3,ratio_H,0,mm,,,weak,7117,kN,,,yes,,
Sakino et al. ,2004,CR8-D-4-2,265,mm,265,mm,6.47,mm,ColdFormed,835,MPa,908,MPa,41.1,MPa,Cylinder,3,ratio_H,0,mm,,,weak,7172,kN,,,yes,,
Sakino et al. ,2004,CR8-D-8,265,mm,265,mm,6.47,mm,ColdFormed,835,MPa,908,MPa,80.3,MPa,Cylinder,3,ratio_H,0,mm,,,weak,8990,kN,,,yes,,
Sakino et al.,2004,CR4-A-4-3,210,mm,210,mm,5.48,mm,ColdFormed,294,MPa,381,MPa,39.1,MPa,Cylinder,3,ratio_H,0,mm,,,weak,3183,kN,,,yes,,
Sakino et al.,2004,CR4-A-9,211,mm,211,mm,5.48,mm,ColdFormed,294,MPa,381,MPa,91.1,MPa,Cylinder,3,ratio_H,0,mm,,,weak,4773,kN,,,yes,,
Sakino et al.,2004,CR4-C-4-3,210,mm,210,mm,4.5,mm,ColdFormed,277,MPa,364,MPa,39.1,MPa,Cylinder,3,ratio_H,0,mm,,,weak,2713,kN,,,yes,,
Sakino et al.,2004,CR4-C-9,211,mm,211,mm,4.5,mm,ColdFormed,277,MPa,364,MPa,91.1,MPa,Cylinder,3,ratio_H,0,mm,,,weak,4371,kN,,,yes,,
Sakino et al.,2004,CR6-A-4-3,211,mm,211,mm,8.83,mm,ColdFormed,536,MPa,727,MPa,39.1,MPa,Cylinder,3,ratio_H,0,mm,,,weak,5898,kN,,,yes,,
Sakino et al.,2004,CR6-A-9,211,mm,211,mm,8.83,mm,ColdFormed,536,MPa,727,MPa,91.1,MPa,Cylinder,3,ratio_H,0,mm,,,weak,7008,kN,,,yes,,
Sakino et al.,2004,CR6-C-4-3,204,mm,204,mm,5.95,mm,ColdFormed,540,MPa,772,MPa,39.1,MPa,Cylinder,3,ratio_H,0,mm,,,weak,4026,kN,,,yes,,
Sakino et al.,2004,CR6-C-9,204,mm,204,mm,5.95,mm,ColdFormed,540,MPa,772,MPa,91.1,MPa,Cylinder,3,ratio_H,0,mm,,,weak,5303,kN,,,yes,,
Sakino et al.,2004,CR8-A-4-3,180,mm,180,mm,9.45,mm,ColdFormed,825,MPa,927,MPa,39.1,MPa,Cylinder,3,ratio_H,0,mm,,,weak,6803,kN,,,yes,,
Sakino et al.,2004,CR8-A-9,180,mm,180,mm,9.45,mm,ColdFormed,825,MPa,927,MPa,91.1,MPa,Cylinder,3,ratio_H,0,mm,,,weak,7402,kN,,,yes,,
Sakino et al.,2004,CR8-C-4-3,180,mm,180,mm,6.6,mm,ColdFormed,824,MPa,941,MPa,39.1,MPa,Cylinder,3,ratio_H,0,mm,,,weak,5028,kN,,,yes,,
Sakino et al.,2004,CR8-C-9,180,mm,180,mm,6.6,mm,ColdFormed,824,MPa,941,MPa,91.1,MPa,Cylinder,3,ratio_H,0,mm,,,weak,5873,kN,,,yes,,
Tao et al.,2007,UCFT1-1,200,mm,200,mm,2.5,mm,WeldedBox,270,MPa,346,MPa,58.3,MPa,Cube,1190,mm,0,mm,,,weak,2260,kN,,,yes,,
Tao et al.,2007,UCFT1-2,200,mm,200,mm,2.5,mm,WeldedBox,270,MPa,346,MPa,58.3,MPa,Cube,1190,mm,30,mm,,,weak,1760,kN,,,yes,,
Tao et al.,2007,UCFT1-3,200,mm,200,mm,2.5,mm,WeldedBox,270,MPa,346,MPa,58.3,MPa,Cube,1190,mm,60,mm,,,weak,1130,kN,,,yes,,
Tao et al.,2007,UCFT2-1,200,mm,200,mm,2.5,mm,WeldedBox,270,MPa,346,MPa,58.3,MPa,Cube,2340,mm,0,mm,,,weak,2305,kN,,,yes,,
Tao et al.,2007,UCFT2-2,200,mm,200,mm,2.5,mm,WeldedBox,270,MPa,346,MPa,58.3,MPa,Cube,2340,mm,30,mm,,,weak,1660,kN,,,yes,,
Tao et al.,2007,UCFT2-3,200,mm,200,mm,2.5,mm,WeldedBox,270,MPa,346,MPa,58.3,MPa,Cube,2340,mm,60,mm,,,weak,1068,kN,,,yes,,
Zhang & Guo,2007,SA1,150.2,mm,150.2,mm,2.91,mm,WeldedBox,319.3,MPa,,,94.1,MPa,Cube/100mm,1110,mm,1.1,mm,,,weak,2352,kN,,,yes,,
Zhang & Guo,2007,SA2,149.5,mm,149.5,mm,2.89,mm,WeldedBox,319.3,MPa,,,94.1,MPa,Cube/100mm,2200,mm,3.5,mm,,,weak,2077,kN,,,yes,,
Zhang & Guo,2007,SA3,148.6,mm,148.6,mm,2.93,mm,WeldedBox,319.3,MPa,,,94.1,MPa,Cube/100mm,3101,mm,2.5,mm,,,weak,1558,kN,,,yes,,
Zhang & Guo,2007,SA4,151.4,mm,151.4,mm,4.77,mm,WeldedBox,316.6,MPa,,,94.1,MPa,Cube/100mm,1085,mm,1.1,mm,,,weak,2597,kN,,,yes,,
Zhang & Guo,2007,SA5,150,mm,150,mm,4.9,mm,WeldedBox,316.6,MPa,,,94.1,MPa,Cube/100mm,2201,mm,2,mm,,,weak,2381,kN,,,yes,,
Zhang & Guo,2007,SA6,150.7,mm,150.7,mm,4.89,mm,WeldedBox,316.6,MPa,,,94.1,MPa,Cube/100mm,3100,mm,3.5,mm,,,weak,1627,kN,,,yes,,
Zhang & Guo,2007,RA1,175.7,mm,134.9,mm,2.91,mm,WeldedBox,319.3,MPa,,,94.1,MPa,Cube/100mm,993,mm,1,mm,,,weak,2401,kN,,,yes,,
Zhang & Guo,2007,RA2,176.5,mm,136.3,mm,2.91,mm,WeldedBox,319.3,MPa,,,94.1,MPa,Cube/100mm,1980,mm,3,mm,,,weak,2283,kN,,,yes,,
Zhang & Guo,2007,RA3,199.3,mm,124.6,mm,2.92,mm,WeldedBox,319.3,MPa,,,94.1,MPa,Cube/100mm,921,mm,0.9,mm,,,weak,2636,kN,,,yes,,
Zhang & Guo,2007,RA4,199.9,mm,125.9,mm,2.9,mm,WeldedBox,319.3,MPa,,,94.1,MPa,Cube/100mm,1829,mm,1.5,mm,,,weak,2303,kN,,,yes,,
Zhang & Guo,2007,SE1,149.4,mm,149.4,mm,2.89,mm,WeldedBox,319.3,MPa,,,94.1,MPa,Cube/100mm,1090,mm,43,mm,,,strong,1147,kN,,,yes,,
Zhang & Guo,2007,SE2,150.4,mm,150.4,mm,2.91,mm,WeldedBox,319.3,MPa,,,94.1,MPa,Cube/100mm,1115,mm,22,mm,,,strong,1597,kN,,,yes,,
Zhang & Guo,2007,SE3,149.8,mm,149.8,mm,2.92,mm,WeldedBox,319.3,MPa,,,94.1,MPa,Cube/100mm,2203,mm,23.5,mm,,,strong,1274,kN,,,yes,,
Zhang & Guo,2007,SE4,148.3,mm,148.3,mm,2.87,mm,WeldedBox,319.3,MPa,,,94.1,MPa,Cube/100mm,3101,mm,26,mm,,,strong,941,kN,,,yes,,
Zhang & Guo,2007,SE5,152.1,mm,152.1,mm,4.82,mm,WeldedBox,316.6,MPa,,,94.1,MPa,Cube/100mm,1105,mm,41.5,mm,,,strong,1416,kN,,,yes,,
Zhang & Guo,2007,SE6,150.6,mm,150.6,mm,4.88,mm,WeldedBox,316.6,MPa,,,94.1,MPa,Cube/100mm,1100,mm,21.1,mm,,,strong,1901,kN,,,yes,,
Zhang & Guo,2007,SE7,150.8,mm,150.8,mm,4.86,mm,WeldedBox,316.6,MPa,,,94.1,MPa,Cube/100mm,2199,mm,21,mm,,,strong,1519,kN,,,yes,,
Zhang & Guo,2007,SE8,150.4,mm,150.4,mm,4.86,mm,WeldedBox,316.6,MPa,,,94.1,MPa,Cube/100mm,3100,mm,25.5,mm,,,strong,1103,kN,,,yes,,
Zhang & Guo,2007,RE1,176.2,mm,135.7,mm,2.91,mm,WeldedBox,319.3,MPa,,,94.1,MPa,Cube/100mm,988,mm,20.5,mm,,,strong,1911,kN,,,yes,,
Zhang & Guo,2007,RE2,173.5,mm,134.1,mm,2.93,mm,WeldedBox,319.3,MPa,,,94.1,MPa,Cube/100mm,989,mm,41,mm,,,strong,1343,kN,,,yes,,
Zhang & Guo,2007,RE3,174.9,mm,134.8,mm,2.93,mm,WeldedBox,319.3,MPa,,,94.1,MPa,Cube/100mm,988,mm,72,mm,,,strong,823,kN,,,yes,,
Zhang & Guo,2007,RE4,174.6,mm,136.4,mm,2.89,mm,WeldedBox,319.3,MPa,,,94.1,MPa,Cube/100mm,1982,mm,21,mm,,,strong,1588,kN,,,yes,,
Zhang & Guo,2007,RE5,176.2,mm,137.2,mm,4.82,mm,WeldedBox,316.6,MPa,,,94.1,MPa,Cube/100mm,990,mm,20,mm,,,strong,2058,kN,,,yes,,
Zhang & Guo,2007,RE6,175.1,mm,137.2,mm,4.83,mm,WeldedBox,316.6,MPa,,,94.1,MPa,Cube/100mm,1980,mm,22,mm,,,strong,1813,kN,,,yes,,
Zhang & Guo,2007,RE7,200.5,mm,125,mm,2.92,mm,WeldedBox,319.3,MPa,,,94.1,MPa,Cube/100mm,919,mm,21,mm,,,strong,1529,kN,,,yes,,
Zhang & Guo,2007,RE8,201.4,mm,125.1,mm,2.9,mm,WeldedBox,319.3,MPa,,,94.1,MPa,Cube/100mm,1831,mm,38,mm,,,strong,1548,kN,,,yes,,
Yu et al.,2008,S30-1,100,mm,100,mm,1.9,mm,WeldedBox,404,MPa,,,121.6,MPa,Cube,300,mm,0,mm,,,strong,1209,kN,,,yes,,
Yu et al.,2008,S30-2,100,mm,100,mm,1.9,mm,WeldedBox,404,MPa,,,121.6,MPa,Cube,300,mm,0,mm,,,strong,1220,kN,,,yes,,
Yu et al.,2008,S30-3,100,mm,100,mm,1.9,mm,WeldedBox,404,MPa,,,121.6,MPa,Cube,300,mm,0,mm,,,strong,1190,kN,,,yes,,
Yu et al.,2008,S30-4,100,mm,100,mm,1.9,mm,WeldedBox,404,MPa,,,121.6,MPa,Cube,300,mm,0,mm,,,strong,1220,kN,,,yes,,
Yu et al.,2008,S90-1,100,mm,100,mm,1.9,mm,WeldedBox,404,MPa,,,121.6,MPa,Cube,900,mm,0,mm,,,strong,1013,kN,,,yes,,
Yu et al.,2008,S90-2,100,mm,100,mm,1.9,mm,WeldedBox,404,MPa,,,121.6,MPa,Cube,900,mm,0,mm,,,strong,1010,kN,,,yes,,
Yu et al.,2008,S150-1,100,mm,100,mm,1.9,mm,WeldedBox,404,MPa,,,121.6,MPa,Cube,1500,mm,0,mm,,,strong,915,kN,,,yes,,
Yu et al.,2008,S150-2,100,mm,100,mm,1.9,mm,WeldedBox,404,MPa,,,121.6,MPa,Cube,1500,mm,0,mm,,,strong,945,kN,,,yes,,
Yu et al.,2008,S150-3,100,mm,100,mm,1.9,mm,WeldedBox,404,MPa,,,121.6,MPa,Cube,1500,mm,15,mm,,,strong,559,kN,,,yes,,
Yu et al.,2008,S150-4,100,mm,100,mm,1.9,mm,WeldedBox,404,MPa,,,121.6,MPa,Cube,1500,mm,15,mm,,,strong,660,kN,,,yes,,
Yu et al.,2008,S150-5,100,mm,100,mm,1.9,mm,WeldedBox,404,MPa,,,121.6,MPa,Cube,1500,mm,30,mm,,,strong,395,kN,,,yes,,
Yu et al.,2008,S150-6,100,mm,100,mm,1.9,mm,WeldedBox,404,MPa,,,121.6,MPa,Cube,1500,mm,30,mm,,,strong,390,kN,,,yes,,
Yu et al.,2008,S300-1,100,mm,100,mm,1.9,mm,WeldedBox,404,MPa,,,121.6,MPa,Cube,3000,mm,0,mm,,,strong,474,kN,,,yes,,
Yu et al.,2008,S300-2,100,mm,100,mm,1.9,mm,WeldedBox,404,MPa,,,121.6,MPa,Cube,3000,mm,0,mm,,,strong,466,kN,,,yes,,
Fong et al.,2011,CFS tubular column-Pin,60,mm,60,mm,3,mm,ColdFormed,407.98,MPa,480.22,MPa,40.96,MPa,Cylinder/100mm,2000,mm,0,mm,,,strong,186.88,kN,,,yes,,
Chen et al.,2012,AA-48,500,mm,500,mm,10,mm,WeldedBox,389,MPa,504,MPa,42.5,MPa,Cylinder,1500,mm,0,mm,,,strong,16.5,MN,,,yes,,Average of two sepecimens
Chen et al.,2012,AA-40,500,mm,500,mm,12,mm,WeldedBox,378,MPa,503,MPa,42.5,MPa,Cylinder,1500,mm,0,mm,,,strong,17.9,MN,,,yes,,
Chen et al.,2012,AA-32,410,mm,410,mm,12,mm,WeldedBox,378,MPa,503,MPa,42.5,MPa,Cylinder,1230,mm,0,mm,,,strong,12.8,MN,,,yes,,
Chen et al.,2012,AA-24,410,mm,410,mm,16,mm,WeldedBox,358,MPa,522,MPa,42.5,MPa,Cylinder,1230,mm,0,mm,,,strong,15.3,MN,,,yes,,
Hernandez-Figueirido et al.,2012a,S100.100.4_2_90.275_20.-10a,100,mm,100,mm,4,mm,ColdFormed,371.39,MPa,,,93.03,MPa,Cube,2135,mm,20,mm,-10,mm,strong,758.5,kN,,,,,
Hernandez-Figueirido et al.,2012a,S100.100.4_2_90.275_50.50,100,mm,100,mm,4,mm,ColdFormed,358.29,MPa,,,91.44,MPa,Cube,2135,mm,50,mm,50,mm,strong,321.12,kN,,,,,
Hernandez-Figueirido et al.,2012a,S100.100.4_2_90.275_50.50a,100,mm,100,mm,4,mm,ColdFormed,371.39,MPa,,,93.02,MPa,Cube,2135,mm,50,mm,50,mm,strong,323.15,kN,,,,,
Hernandez-Figueirido et al.,2012a,S100.100.4_3_90.275_20.-10,100,mm,100,mm,4,mm,ColdFormed,353.23,MPa,,,97.67,MPa,Cube,3135,mm,20,mm,-10,mm,strong,502.88,kN,,,,,
Hernandez-Figueirido et al.,2012a,S100.100.4_3_90.275_20.00,100,mm,100,mm,4,mm,ColdFormed,363.27,MPa,,,92.97,MPa,Cube,3135,mm,20,mm,0,mm,strong,410.4,kN,,,,,
Hernandez-Figueirido et al.,2012a,S100.100.4_3_90.275_20.10,100,mm,100,mm,4,mm,ColdFormed,280,MPa,,,86.95,MPa,Cube,3135,mm,20,mm,10,mm,strong,363.61,kN,,,,,
Hernandez-Figueirido et al.,2012a,S100.100.4_3_90.275_20.20,100,mm,100,mm,4,mm,ColdFormed,375.77,MPa,,,74.42,MPa,Cube,3135,mm,20,mm,20,mm,strong,381.47,kN,,,,,
Hernandez-Figueirido et al.,2012a,S100.100.4_3_90.275_50.-25,100,mm,100,mm,4,mm,ColdFormed,358.28,MPa,,,96.42,MPa,Cube,3135,mm,50,mm,-25,mm,strong,357.35,kN,,,,,
Hernandez-Figueirido et al.,2012a,S100.100.4_3_90.275_50.00,100,mm,100,mm,4,mm,ColdFormed,346.28,MPa,,,92.14,MPa,Cube,3135,mm,50,mm,0,mm,strong,316.24,kN,,,,,
Hernandez-Figueirido et al.,2012a,S100.100.4_3_90.275_50.25,100,mm,100,mm,4,mm,ColdFormed,358.29,MPa,,,90.43,MPa,Cube,3135,mm,50,mm,25,mm,strong,218.65,kN,,,,,
Hernandez-Figueirido et al.,2012a,S100.100.4_3_90.275_50.50,100,mm,100,mm,4,mm,ColdFormed,292.7,MPa,,,87.3,MPa,Cube,3135,mm,50,mm,50,mm,strong,230.31,kN,,,,,
Hernandez-Figueirido et al.,2012a,S100.100.4_4_90.275_20.-10,100,mm,100,mm,4,mm,ColdFormed,280,MPa,,,88.28,MPa,Cube,4135,mm,20,mm,-10,mm,strong,367.76,kN,,,,,
Hernandez-Figueirido et al.,2012a,S100.100.4_4_90.275_20.10,100,mm,100,mm,4,mm,ColdFormed,280,MPa,,,96.89,MPa,Cube,4135,mm,20,mm,10,mm,strong,254.93,kN,,,,,
Hernandez-Figueirido et al.,2012a,S100.100.4_4_90.275_20.20,100,mm,100,mm,4,mm,ColdFormed,280,MPa,,,94.99,MPa,Cube,4135,mm,20,mm,20,mm,strong,220.33,kN,,,,,
Hernandez-Figueirido et al.,2012a,S100.100.4_4_90.275_50.25,100,mm,100,mm,4,mm,ColdFormed,369.3,MPa,,,92.31,MPa,Cube,4135,mm,50,mm,25,mm,strong,184.33,kN,,,,,
Hernandez-Figueirido et al.,2012a,R100.150.4_2_90.275_50.50,100,mm,150,mm,4,mm,ColdFormed,341.86,MPa,,,77.38,MPa,Cube,2135,mm,50,mm,50,mm,strong,466.38,kN,,,,,
Hernandez-Figueirido et al.,2012a,R100.150.4_3_90.275_20.-10,100,mm,150,mm,4,mm,ColdFormed,280,MPa,,,91.39,MPa,Cube,3135,mm,20,mm,-10,mm,strong,690.02,kN,,,,,
Hernandez-Figueirido et al.,2012a,R100.150.4_3_90.275_20.00,100,mm,150,mm,4,mm,ColdFormed,280,MPa,,,84,MPa,Cube,3135,mm,20,mm,0,mm,strong,562.03,kN,,,,,
Hernandez-Figueirido et al.,2012a,R100.150.4_3_90.275_20.10,100,mm,150,mm,4,mm,ColdFormed,342.06,MPa,,,89.2,MPa,Cube,3135,mm,20,mm,10,mm,strong,501.48,kN,,,,,
Hernandez-Figueirido et al.,2012a,R100.150.4_3_90.275_20.20,100,mm,150,mm,4,mm,ColdFormed,298.5,MPa,,,84.47,MPa,Cube,3135,mm,20,mm,20,mm,strong,460.83,kN,,,,,
Hernandez-Figueirido et al.,2012a,R100.150.4_3_90.275_50.-25,100,mm,150,mm,4,mm,ColdFormed,308.46,MPa,,,92.26,MPa,Cube,3135,mm,50,mm,-25,mm,strong,502.81,kN,,,,,
Hernandez-Figueirido et al.,2012a,R100.150.4_3_90.275_50.00,100,mm,150,mm,4,mm,ColdFormed,362.79,MPa,,,91.59,MPa,Cube,3135,mm,50,mm,0,mm,strong,430.95,kN,,,,,
Hernandez-Figueirido et al.,2012a,R100.150.4_3_90.275_50.25,100,mm,150,mm,4,mm,ColdFormed,312.31,MPa,,,91.65,MPa,Cube,3135,mm,50,mm,25,mm,strong,287.38,kN,,,,,
Hernandez-Figueirido et al.,2012a,R100.150.4_3_90.275_50.50,100,mm,150,mm,4,mm,ColdFormed,341.86,MPa,,,89.69,MPa,Cube,3135,mm,50,mm,50,mm,strong,309.6,kN,,,,,
Hernandez-Figueirido et al.,2012a,R100.150.5_3_90.275_20.-10,100,mm,150,mm,5,mm,ColdFormed,336.27,MPa,,,91.69,MPa,Cube,3135,mm,20,mm,-10,mm,strong,692.62,kN,,,,,
Hernandez-Figueirido et al.,2012a,R100.150.5_3_90.275_20.00,100,mm,150,mm,5,mm,ColdFormed,370.39,MPa,,,79.72,MPa,Cube,3135,mm,20,mm,0,mm,strong,690.8,kN,,,,,
Hernandez-Figueirido et al.,2012a,R100.150.5_3_90.275_20.10,100,mm,150,mm,5,mm,ColdFormed,424.5,MPa,,,85.19,MPa,Cube,3135,mm,20,mm,10,mm,strong,622.3,kN,,,,,
Hernandez-Figueirido et al.,2012a,R100.150.5_3_90.275_20.20,100,mm,150,mm,5,mm,ColdFormed,459.82,MPa,,,91.04,MPa,Cube,3135,mm,20,mm,20,mm,strong,573.32,kN,,,,,
Hernandez-Figueirido et al.,2012a,R100.150.5_3_90.275_50.-25,100,mm,150,mm,5,mm,ColdFormed,306.38,MPa,,,85.06,MPa,Cube,3135,mm,50,mm,-25,mm,strong,548.45,kN,,,,,
Hernandez-Figueirido et al.,2012a,R100.150.5_3_90.275_50.00,100,mm,150,mm,5,mm,ColdFormed,396.01,MPa,,,87.39,MPa,Cube,3135,mm,50,mm,0,mm,strong,456.38,kN,,,,,
Hernandez-Figueirido et al.,2012a,R100.150.5_3_90.275_50.25,100,mm,150,mm,5,mm,ColdFormed,332.97,MPa,,,91.26,MPa,Cube,3135,mm,50,mm,25,mm,strong,328.5,kN,,,,,
Hernandez-Figueirido et al.,2012a,R100.150.5_3_90.275_50.50,100,mm,150,mm,5,mm,ColdFormed,368.09,MPa,,,82.54,MPa,Cube,3135,mm,50,mm,50,mm,strong,381.06,kN,,,,,
Hernandez-Figueirido et al.,2012b,S100.100.4_90.275_20.20,100,mm,100,mm,4,mm,ColdFormed,357.7,MPa,,,88.3,MPa,Cube,2135,mm,20,mm,20,mm,weak,490.7,kN,,,yes,,
Hernandez-Figueirido et al.,2012b,S100.100.4_30.275_20.20,100,mm,100,mm,4,mm,ColdFormed,292.7,MPa,,,36.4,MPa,Cube,2135,mm,20,mm,20,mm,weak,380.8,kN,,,yes,,
Hernandez-Figueirido et al.,2012b,R100.150.4_90.275_20.20,100,mm,150,mm,4,mm,ColdFormed,298.5,MPa,,,86.4,MPa,Cube,2135,mm,20,mm,20,mm,weak,804.3,kN,,,yes,,
Hernandez-Figueirido et al.,2012b,R100.150.4_30.275_20.20,100,mm,150,mm,4,mm,ColdFormed,312.3,MPa,,,30.7,MPa,Cube,2135,mm,20,mm,20,mm,weak,535.8,kN,,,yes,,
Hernandez-Figueirido et al.,2012b,R100.150.5_90.275_20.20,100,mm,150,mm,5,mm,ColdFormed,459.8,MPa,,,83,MPa,Cube,2135,mm,20,mm,20,mm,weak,935,kN,,,yes,,
Hernandez-Figueirido et al.,2012b,R100.150.5_30.275_20.20,100,mm,150,mm,5,mm,ColdFormed,332.9,MPa,,,32.8,MPa,Cube,2135,mm,20,mm,20,mm,weak,605.6,kN,,,yes,,
Hernandez-Figueirido et al.,2012b,S100.100.4_90.275_50.50,100,mm,100,mm,4,mm,ColdFormed,358.2,MPa,,,91.4,MPa,Cube,2135,mm,50,mm,50,mm,weak,321.1,kN,,,yes,,
Hernandez-Figueirido et al.,2012b,S100.100.4_30.275_50.50,100,mm,100,mm,4,mm,ColdFormed,346.2,MPa,,,35,MPa,Cube,2135,mm,50,mm,50,mm,weak,244,kN,,,yes,,
Hernandez-Figueirido et al.,2012b,R100.150.5_90.275_50.50,100,mm,150,mm,5,mm,ColdFormed,336.2,MPa,,,92.7,MPa,Cube,2135,mm,50,mm,50,mm,weak,458.5,kN,,,yes,,
Hernandez-Figueirido et al.,2012b,R100.150.4_30.275_50.50,100,mm,150,mm,4,mm,ColdFormed,362.7,MPa,,,31.4,MPa,Cube,2135,mm,50,mm,50,mm,weak,356,kN,,,yes,,
Hernandez-Figueirido et al.,2012b,R100.150.5_90.275_50.50,100,mm,150,mm,5,mm,ColdFormed,368,MPa,,,84,MPa,Cube,2135,mm,50,mm,50,mm,weak,528.1,kN,,,yes,,
Hernandez-Figueirido et al.,2012b,R100.150.5_30.275_50.50,100,mm,150,mm,5,mm,ColdFormed,396,MPa,,,26.1,MPa,Cube,2135,mm,50,mm,50,mm,weak,395,kN,,,yes,,
Hernandez-Figueirido et al.,2012b,S100.100.4_90.275_20.10,100,mm,100,mm,4,mm,ColdFormed,280,MPa,,,93.9,MPa,Cube,2135,mm,20,mm,10,mm,weak,525.7,kN,,,yes,,
Hernandez-Figueirido et al.,2012b,S100.100.4_30.275_20.10,100,mm,100,mm,4,mm,ColdFormed,353.2,MPa,,,37.1,MPa,Cube,2135,mm,20,mm,10,mm,weak,457.3,kN,,,yes,,
Hernandez-Figueirido et al.,2012b,R100.150.4_90.275_20.10,100,mm,150,mm,4,mm,ColdFormed,342,MPa,,,90.4,MPa,Cube,2135,mm,20,mm,10,mm,weak,850.9,kN,,,yes,,
Hernandez-Figueirido et al.,2012b,R100.150.4_30.275_20.10,100,mm,150,mm,4,mm,ColdFormed,280,MPa,,,31,MPa,Cube,2135,mm,20,mm,10,mm,weak,591.7,kN,,,yes,,
Hernandez-Figueirido et al.,2012b,R100.150.5_90.275_20.10,100,mm,150,mm,5,mm,ColdFormed,424.5,MPa,,,86.5,MPa,Cube,2135,mm,20,mm,10,mm,weak,981.6,kN,,,yes,,
Hernandez-Figueirido et al.,2012b,R100.150.5_30.275_20.10,100,mm,150,mm,5,mm,ColdFormed,299.2,MPa,,,32.8,MPa,Cube,2135,mm,20,mm,10,mm,weak,654.3,kN,,,yes,,
Hernandez-Figueirido et al.,2012b,S100.100.4_90.275_50.25,100,mm,100,mm,4,mm,ColdFormed,358.6,MPa,,,87.1,MPa,Cube,2135,mm,50,mm,25,mm,weak,383.1,kN,,,yes,,
Hernandez-Figueirido et al.,2012b,S100.100.4_30.275_50.25,100,mm,100,mm,4,mm,ColdFormed,358.6,MPa,,,33.4,MPa,Cube,2135,mm,50,mm,25,mm,weak,253.4,kN,,,yes,,
Hernandez-Figueirido et al.,2012b,R100.150.4_90.275_50.25,100,mm,150,mm,4,mm,ColdFormed,424.5,MPa,,,90.8,MPa,Cube,2135,mm,50,mm,25,mm,weak,463.4,kN,,,yes,,
Hernandez-Figueirido et al.,2012b,R100.150.4_30.275_50.25,100,mm,150,mm,4,mm,ColdFormed,424.5,MPa,,,33.1,MPa,Cube,2135,mm,50,mm,25,mm,weak,311.2,kN,,,yes,,
Hernandez-Figueirido et al.,2012b,R100.150.5_90.275_50.25,100,mm,150,mm,5,mm,ColdFormed,293.5,MPa,,,85.9,MPa,Cube,2135,mm,50,mm,25,mm,weak,526.4,kN,,,yes,,
Hernandez-Figueirido et al.,2012b,R100.150.5_30.275_50.25,100,mm,150,mm,5,mm,ColdFormed,293.5,MPa,,,29.2,MPa,Cube,2135,mm,50,mm,25,mm,weak,391.2,kN,,,yes,,
Hernandez-Figueirido et al.,2012b,S100.100.4_90.275_20.0,100,mm,100,mm,4,mm,ColdFormed,363.2,MPa,,,89.5,MPa,Cube,2135,mm,20,mm,0,mm,weak,652.6,kN,,,yes,,
Hernandez-Figueirido et al.,2012b,S100.100.4_30.275_20.0,100,mm,100,mm,4,mm,ColdFormed,358.2,MPa,,,35.8,MPa,Cube,2135,mm,20,mm,0,mm,weak,474.7,kN,,,yes,,
Hernandez-Figueirido et al.,2012b,R100.150.4_90.275_20.0,100,mm,150,mm,4,mm,ColdFormed,280,MPa,,,90.6,MPa,Cube,2135,mm,20,mm,0,mm,weak,926.3,kN,,,yes,,
Hernandez-Figueirido et al.,2012b,R100.150.4_30.275_20.0,100,mm,150,mm,4,mm,ColdFormed,308.4,MPa,,,29.5,MPa,Cube,2135,mm,20,mm,0,mm,weak,624.4,kN,,,yes,,
Hernandez-Figueirido et al.,2012b,R100.150.5_90.275_20.0,100,mm,150,mm,5,mm,ColdFormed,370.3,MPa,,,89.6,MPa,Cube,2135,mm,20,mm,0,mm,weak,1066,kN,,,yes,,
Hernandez-Figueirido et al.,2012b,R100.150.5_30.275_20.0,100,mm,150,mm,5,mm,ColdFormed,306.3,MPa,,,36.3,MPa,Cube,2135,mm,20,mm,0,mm,weak,728.5,kN,,,yes,,
Hernandez-Figueirido et al.,2012b,S100.100.4_90.275_20.-10,100,mm,100,mm,4,mm,ColdFormed,346.9,MPa,,,92.7,MPa,Cube,2135,mm,20,mm,-10,mm,weak,737,kN,,,yes,,
Hernandez-Figueirido et al.,2012b,S100.100.4_30.275_20.-10,100,mm,100,mm,4,mm,ColdFormed,346.9,MPa,,,34.1,MPa,Cube,2135,mm,20,mm,-10,mm,weak,526.2,kN,,,yes,,
Hernandez-Figueirido et al.,2012b,R100.150.4_90.275_20.-10,100,mm,150,mm,4,mm,ColdFormed,268.1,MPa,,,93.6,MPa,Cube,2135,mm,20,mm,-10,mm,weak,945.8,kN,,,yes,,
Hernandez-Figueirido et al.,2012b,R100.150.4_30.275_20.-10,100,mm,150,mm,4,mm,ColdFormed,268.1,MPa,,,31.7,MPa,Cube,2135,mm,20,mm,-10,mm,weak,563.3,kN,,,yes,,
Hernandez-Figueirido et al.,2012b,R100.150.5_90.275_20.-10,100,mm,150,mm,5,mm,ColdFormed,304.5,MPa,,,93.4,MPa,Cube,2135,mm,20,mm,-10,mm,weak,1042,kN,,,yes,,
Hernandez-Figueirido et al.,2012b,R100.150.5_30.275_20.-10,100,mm,150,mm,5,mm,ColdFormed,304.5,MPa,,,30.6,MPa,Cube,2135,mm,20,mm,-10,mm,weak,720.2,kN,,,yes,,
Yang & Han,2012,Scfst-1,150,mm,150,mm,3,mm,WeldedBox,324.4,MPa,466.5,MPa,52.6,MPa,Cube,675,mm,0,mm,,,strong,1516,kN,,,,,
Yang & Han,2012,Scfst-2,150,mm,150,mm,3,mm,WeldedBox,324.4,MPa,466.5,MPa,52.6,MPa,Cube,900,mm,0,mm,,,strong,1599,kN,,,,,
Qu et al.,2013,PYA-1,150,mm,100,mm,4.065,mm,ColdFormed,295,MPa,496,MPa,39,MPa,Cube,700,mm,10,mm,10,mm,strong,750,kN,,,,,
Qu et al.,2013,PYA-2,150,mm,100,mm,4.065,mm,ColdFormed,295,MPa,496,MPa,66,MPa,Cube,800,mm,15,mm,15,mm,strong,1040,kN,,,,,
Qu et al.,2013,PYA-3,150,mm,100,mm,4.065,mm,ColdFormed,295,MPa,496,MPa,52,MPa,Cube,900,mm,20,mm,20,mm,strong,810,kN,,,,,
Qu et al.,2013,PYA-4,200,mm,150,mm,4.433,mm,ColdFormed,242,MPa,410,MPa,52,MPa,Cube,700,mm,20,mm,20,mm,strong,1750,kN,,,,,
Qu et al.,2013,PYA-5,200,mm,150,mm,4.433,mm,ColdFormed,242,MPa,410,MPa,39,MPa,Cube,800,mm,30,mm,30,mm,strong,1400,kN,,,,,
Qu et al.,2013,PYA-6,200,mm,150,mm,4.433,mm,ColdFormed,242,MPa,410,MPa,66,MPa,Cube,900,mm,40,mm,40,mm,strong,1250,kN,,,,,
Qu et al.,2013,PYA-7,300,mm,200,mm,5.73,mm,ColdFormed,336,MPa,533,MPa,66,MPa,Cube,800,mm,50,mm,50,mm,strong,3450,kN,,,,,
Qu et al.,2013,PYA-8,300,mm,200,mm,5.73,mm,ColdFormed,336,MPa,533,MPa,52,MPa,Cube,900,mm,60,mm,60,mm,strong,2650,kN,,,,,
Qu et al.,2013,PYA-9,300,mm,200,mm,5.73,mm,ColdFormed,336,MPa,533,MPa,39,MPa,Cube,1000,mm,70,mm,70,mm,strong,2445,kN,,,,,
Ding et al.,2014,SST1-A,249.6,mm,249.6,mm,3.7,mm,WeldedBox,324.3,MPa,,,40.4,MPa,Cube,750,mm,0,mm,0,mm,strong,3131,kN,,,,,
Ding et al.,2014,SST1-B,251,mm,251,mm,3.75,mm,WeldedBox,324.3,MPa,,,40.4,MPa,Cube,750,mm,0,mm,0,mm,strong,2832,kN,,,,,
Ding et al.,2014,SST1-C,251.1,mm,251.1,mm,3.73,mm,WeldedBox,324.3,MPa,,,40.4,MPa,Cube,750,mm,0,mm,0,mm,strong,2677,kN,,,,WeldFailure,Weld failure prior to maximum strength
Aslani et al.,2015,SC1B,70,mm,70,mm,5,mm,WeldedBox,701,MPa,754,MPa,21,MPa,Cylinder,210,mm,0,mm,0,mm,strong,1367,kN,,,,,Tubes had stiffener plates at the member ends
Aslani et al.,2015,SC2B,100,mm,100,mm,5,mm,WeldedBox,701,MPa,754,MPa,21,MPa,Cylinder,300,mm,0,mm,0,mm,strong,1934,kN,,,,,Tubes had stiffener plates at the member ends
Aslani et al.,2015,SC3B,125,mm,125,mm,5,mm,WeldedBox,701,MPa,754,MPa,21,MPa,Cylinder,375,mm,0,mm,0,mm,strong,2348,kN,,,,,Tubes had stiffener plates at the member ends
Aslani et al.,2015,SC4B,150,mm,150,mm,5,mm,WeldedBox,701,MPa,754,MPa,21,MPa,Cylinder,450,mm,0,mm,0,mm,strong,2828,kN,,,,,Tubes had stiffener plates at the member ends
Aslani et al.,2015,HSSC1,110,mm,110,mm,5,mm,WeldedBox,701,MPa,754,MPa,54.5,MPa,Cylinder,330,mm,0,mm,0,mm,strong,2203,kN,,,,,Tubes had stiffener plates at the member ends
Aslani et al.,2015,HSSC2,110,mm,110,mm,5,mm,WeldedBox,701,MPa,754,MPa,54.5,MPa,Cylinder,330,mm,0,mm,0,mm,strong,2234,kN,,,,,Tubes had stiffener plates at the member ends
Aslani et al.,2015,HSSC3,140,mm,140,mm,5,mm,WeldedBox,701,MPa,754,MPa,54.5,MPa,Cylinder,420,mm,0,mm,0,mm,strong,2942,kN,,,,,Tubes had stiffener plates at the member ends
Aslani et al.,2015,HSSC4,140,mm,140,mm,5,mm,WeldedBox,701,MPa,754,MPa,54.5,MPa,Cylinder,420,mm,0,mm,0,mm,strong,2840,kN,,,,,Tubes had stiffener plates at the member ends
Aslani et al.,2015,HSSC5,170,mm,170,mm,5,mm,WeldedBox,701,MPa,754,MPa,54.5,MPa,Cylinder,510,mm,0,mm,0,mm,strong,3118,kN,,,,,Tubes had stiffener plates at the member ends
Aslani et al.,2015,HSSC6,170,mm,170,mm,5,mm,WeldedBox,701,MPa,754,MPa,54.5,MPa,Cylinder,510,mm,0,mm,0,mm,strong,3243,kN,,,,,Tubes had stiffener plates at the member ends
Aslani et al.,2015,HSSC7,180,mm,180,mm,5,mm,WeldedBox,701,MPa,754,MPa,54.5,MPa,Cylinder,570,mm,0,mm,0,mm,strong,3882,kN,,,,,Tubes had stiffener plates at the member ends
Aslani et al.,2015,HSSC8,180,mm,180,mm,5,mm,WeldedBox,701,MPa,754,MPa,54.5,MPa,Cylinder,570,mm,0,mm,0,mm,strong,3856,kN,,,,,Tubes had stiffener plates at the member ends
Du et al.,2016a,CSC40SC2,203,mm,101,mm,8.275,mm,WeldedBox,488.38,MPa,553,MPa,43.2,MPa,Cube,607,mm,0,mm,0,mm,weak,3090,kN,,,yes,,
Du et al.,2016a,CSC50SC3,203,mm,102,mm,8.275,mm,WeldedBox,488.38,MPa,553,MPa,55.3,MPa,Cube,60,mm,0,mm,0,mm,weak,3230,kN,,,yes,,
Du et al.,2016a,CSC40SB5,183,mm,119,mm,8.275,mm,WeldedBox,488.38,MPa,553,MPa,43.2,MPa,Cube,541,mm,0,mm,0,mm,weak,3300,kN,,,yes,,
Du et al.,2016a,CSC50SB6,182,mm,122,mm,8.275,mm,WeldedBox,488.38,MPa,553,MPa,55.3,MPa,Cube,541,mm,0,mm,0,mm,weak,3380,kN,,,yes,,
Du et al.,2016a,CSC40SD8,150,mm,150,mm,8.275,mm,WeldedBox,488.38,MPa,553,MPa,43.2,MPa,Cube,453,mm,0,mm,0,mm,weak,3500,kN,,,yes,,
Du et al.,2016a,CSC50SD9,152,mm,150,mm,8.275,mm,WeldedBox,488.38,MPa,553,MPa,55.3,MPa,Cube,451,mm,0,mm,0,mm,weak,3575,kN,,,yes,,
Du et al.,2016b,HS1C40SA1,120,mm,100,mm,5.7,mm,WeldedBox,514.53,MPa,640.9,MPa,43.2,MPa,Cube,361,mm,0,mm,0,mm,weak,1960,kN,,,,,
Du et al.,2016b,HS1C50SA4,120,mm,100,mm,5.7,mm,WeldedBox,514.53,MPa,640.9,MPa,55.3,MPa,Cube,360,mm,0,mm,0,mm,weak,2100,kN,,,,,
Du et al.,2016b,HS1C40SB2,182,mm,121,mm,5.7,mm,WeldedBox,514.53,MPa,640.9,MPa,43.2,MPa,Cube,540,mm,0,mm,0,mm,weak,2485,kN,,,,,
Du et al.,2016b,HS1C50SB8,181,mm,122,mm,5.7,mm,WeldedBox,514.53,MPa,640.9,MPa,55.3,MPa,Cube,540,mm,0,mm,0,mm,weak,2710,kN,,,,,
Du et al.,2016b,HS2C40SA61,121,mm,103,mm,7.69,mm,WeldedBox,423.2,MPa,593.78,MPa,43.2,MPa,Cube,363,mm,0,mm,0,mm,weak,2545,kN,,,,,
Du et al.,2016b,HS2C50SA64,120,mm,101,mm,7.69,mm,WeldedBox,423.2,MPa,593.78,MPa,55.3,MPa,Cube,358,mm,0,mm,0,mm,weak,2730,kN,,,,,
Du et al.,2016b,HS2C40SB62,179,mm,119,mm,7.69,mm,WeldedBox,423.2,MPa,593.78,MPa,43.2,MPa,Cube,542,mm,0,mm,0,mm,weak,3130,kN,,,,,
Du et al.,2016b,HS2C50SB65,180,mm,120,mm,7.69,mm,WeldedBox,423.2,MPa,593.78,MPa,55.3,MPa,Cube,545,mm,0,mm,0,mm,weak,3150,kN,,,,,
Dundu ,2016,S1-1,101.6,mm,101.6,mm,3,mm,ColdFormed,483.9,MPa,552.7,MPa,25,MPa,Cylinder,1000,mm,0,mm,0,mm,strong,718.88,kN,,,,,
Dundu ,2016,S1-2,101.6,mm,101.6,mm,3,mm,ColdFormed,483.9,MPa,552.7,MPa,25,MPa,Cylinder,1500,mm,0,mm,0,mm,strong,691.38,kN,,,,,
Dundu ,2016,S1-3,101.6,mm,101.6,mm,3,mm,ColdFormed,483.9,MPa,552.7,MPa,25,MPa,Cylinder,2000,mm,0,mm,0,mm,strong,589.48,kN,,,,,
Dundu ,2016,S1-4,101.6,mm,101.6,mm,3,mm,ColdFormed,483.9,MPa,552.7,MPa,25,MPa,Cylinder,2500,mm,0,mm,0,mm,strong,471.29,kN,,,,,
Dundu ,2016,S1-5,120,mm,120,mm,3.5,mm,ColdFormed,401,MPa,456.5,MPa,25,MPa,Cylinder,1000,mm,0,mm,0,mm,strong,1164.16,kN,,,,,
Dundu ,2016,S1-6,120,mm,120,mm,3.5,mm,ColdFormed,401,MPa,456.5,MPa,25,MPa,Cylinder,1500,mm,0,mm,0,mm,strong,997.19,kN,,,,,
Dundu ,2016,S1-7,120,mm,120,mm,3.5,mm,ColdFormed,401,MPa,456.5,MPa,25,MPa,Cylinder,2000,mm,0,mm,0,mm,strong,899.65,kN,,,,,
Dundu ,2016,S1-8,120,mm,120,mm,3.5,mm,ColdFormed,401,MPa,456.5,MPa,25,MPa,Cylinder,2500,mm,0,mm,0,mm,strong,729.1,kN,,,,,
Dundu ,2016,S1-9,150,mm,150,mm,3.5,mm,ColdFormed,405,MPa,481.1,MPa,25,MPa,Cylinder,1000,mm,0,mm,0,mm,strong,1516.26,kN,,,,,
Dundu ,2016,S1-10,150,mm,150,mm,3.5,mm,ColdFormed,405,MPa,481.1,MPa,25,MPa,Cylinder,1500,mm,0,mm,0,mm,strong,1330.13,kN,,,,,
Dundu ,2016,S1-11,150,mm,150,mm,3.5,mm,ColdFormed,405,MPa,481.1,MPa,25,MPa,Cylinder,2000,mm,0,mm,0,mm,strong,1307.61,kN,,,,,
Dundu ,2016,S1-12,150,mm,150,mm,3.5,mm,ColdFormed,405,MPa,481.1,MPa,25,MPa,Cylinder,2500,mm,0,mm,0,mm,strong,1198.25,kN,,,,,
Dundu ,2016,S2-1,60,mm,60,mm,3,mm,ColdFormed,351.51,MPa,373.81,MPa,28.8,MPa,Cylinder,2700,mm,0,mm,0,mm,strong,105.4,kN,,,,,
Dundu ,2016,S2-2,60,mm,60,mm,4,mm,ColdFormed,528.55,MPa,538.83,MPa,28.8,MPa,Cylinder,2700,mm,0,mm,0,mm,strong,127.7,kN,,,,,
Dundu ,2016,S2-3,60,mm,60,mm,4.5,mm,ColdFormed,522.11,MPa,547.72,MPa,28.8,MPa,Cylinder,2700,mm,0,mm,0,mm,strong,156,kN,,,,,
Dundu ,2016,S2-4,63,mm,63,mm,3,mm,ColdFormed,442.69,MPa,479.38,MPa,28.8,MPa,Cylinder,2700,mm,0,mm,0,mm,strong,123.6,kN,,,,,
Dundu ,2016,S2-5,63,mm,63,mm,4,mm,ColdFormed,517.49,MPa,545.31,MPa,28.8,MPa,Cylinder,2700,mm,0,mm,0,mm,strong,154.7,kN,,,,,
Dundu ,2016,S2-6,63,mm,63,mm,4.5,mm,ColdFormed,449.95,MPa,480.05,MPa,28.8,MPa,Cylinder,2700,mm,0,mm,0,mm,strong,168.6,kN,,,,,
Dundu ,2016,S2-7,76,mm,76,mm,3,mm,ColdFormed,441.12,MPa,497.86,MPa,28.8,MPa,Cylinder,2700,mm,0,mm,0,mm,strong,212,kN,,,,,
Dundu ,2016,S2-8,76,mm,76,mm,4,mm,ColdFormed,498.38,MPa,528.64,MPa,28.8,MPa,Cylinder,2700,mm,0,mm,0,mm,strong,247.3,kN,,,,,
Dundu ,2016,S2-9,76,mm,76,mm,4.5,mm,ColdFormed,500.97,MPa,532.65,MPa,28.8,MPa,Cylinder,2700,mm,0,mm,0,mm,strong,266.5,kN,,,,,
Dundu ,2016,S2-10,100,mm,100,mm,3,mm,ColdFormed,441.19,MPa,493.92,MPa,28.8,MPa,Cylinder,2700,mm,0,mm,0,mm,strong,405,kN,,,,,
Dundu ,2016,S3-1,100,mm,100,mm,4.5,mm,ColdFormed,424.49,MPa,474.94,MPa,28.8,MPa,Cylinder,2700,mm,0,mm,0,mm,strong,501.71,kN,,,,,
Dundu ,2016,S3-2,120,mm,120,mm,3,mm,ColdFormed,400.77,MPa,512.76,MPa,28.8,MPa,Cylinder,2700,mm,0,mm,0,mm,strong,770.385,kN,,,,,
Dundu ,2016,S3-3,120,mm,120,mm,4.5,mm,ColdFormed,436.54,MPa,530.41,MPa,28.8,MPa,Cylinder,2700,mm,0,mm,0,mm,strong,830,kN,,,,,
Dundu ,2016,S3-4,150,mm,150,mm,3,mm,ColdFormed,429.14,MPa,403.86,MPa,28.8,MPa,Cylinder,2700,mm,0,mm,0,mm,strong,1087.1,kN,,,,,
Dundu ,2016,S3-5,150,mm,150,mm,4.5,mm,ColdFormed,334.8,MPa,474.76,MPa,28.8,MPa,Cylinder,2700,mm,0,mm,0,mm,strong,1285.1,kN,,,,,
Lee et al.,2016,E1,300,mm,300,mm,5,mm,WeldedBox,746,MPa,835,MPa,70.5,MPa,Cylinder,1720,mm,40,mm,40,mm,strong,6491,kN,3.63,mm,yes,,
Lee et al.,2016,E2,300,mm,150,mm,5,mm,WeldedBox,746,MPa,835,MPa,83.6,MPa,Cylinder,1720,mm,20,mm,20,mm,weak,3873,kN,8.53,mm,yes,,
Lee et al.,2016,E3,300,mm,300,mm,5,mm,WeldedBox,301,MPa,466,MPa,70.5,MPa,Cylinder,1720,mm,40,mm,40,mm,strong,4553,kN,4.42,mm,yes,,
Du et al.,2017,SC40-150-0.2,150,mm,150,mm,8.28,mm,WeldedBox,488.4,MPa,553,MPa,43.2,MPa,Cube,1180,mm,13,mm,13,mm,strong,2470,kN,,,,,
Du et al.,2017,SC40-180-0.2,180,mm,120,mm,8.28,mm,WeldedBox,488.4,MPa,553,MPa,43.2,MPa,Cube,1180,mm,18.5,mm,18.5,mm,strong,2660,kN,,,,,
Du et al.,2017,SC40-200-0.2,200,mm,100,mm,8.28,mm,WeldedBox,488.4,MPa,553,MPa,43.2,MPa,Cube,1180,mm,20,mm,20,mm,strong,2595,kN,,,,,
Du et al.,2017,SC50-150-0.2,150,mm,150,mm,8.28,mm,WeldedBox,488.4,MPa,553,MPa,55.3,MPa,Cube,1180,mm,15,mm,15,mm,strong,2450,kN,,,,,
Du et al.,2017,SC50-180-0.2,180,mm,120,mm,8.28,mm,WeldedBox,488.4,MPa,553,MPa,55.3,MPa,Cube,1180,mm,18,mm,18,mm,strong,2530,kN,,,,,
Du et al.,2017,SC50-200-0.2,200,mm,100,mm,8.28,mm,WeldedBox,488.4,MPa,553,MPa,55.3,MPa,Cube,1180,mm,19,mm,19,mm,strong,2625,kN,,,,,
Du et al.,2017,SC40-150-0.4,150,mm,150,mm,8.28,mm,WeldedBox,488.4,MPa,553,MPa,43.2,MPa,Cube,1180,mm,31.5,mm,31.5,mm,strong,2042,kN,,,,,
Du et al.,2017,SC40-180-0.4,180,mm,120,mm,8.28,mm,WeldedBox,488.4,MPa,553,MPa,43.2,MPa,Cube,1180,mm,37,mm,37,mm,strong,2150,kN,,,,,
Du et al.,2017,SC40-200-0.4,200,mm,100,mm,8.28,mm,WeldedBox,488.4,MPa,553,MPa,43.2,MPa,Cube,1180,mm,39.8,mm,39.8,mm,strong,2228,kN,,,,,
Du et al.,2017,SC50-150-0.4,150,mm,150,mm,8.28,mm,WeldedBox,488.4,MPa,553,MPa,55.3,MPa,Cube,1180,mm,32.5,mm,32.5,mm,strong,2020,kN,,,,,
Du et al.,2017,SC50-180-0.4,180,mm,120,mm,8.28,mm,WeldedBox,488.4,MPa,553,MPa,55.3,MPa,Cube,1180,mm,41,mm,41,mm,strong,2150,kN,,,,,
Du et al.,2017,SC50-200-0.4,200,mm,100,mm,8.28,mm,WeldedBox,488.4,MPa,553,MPa,55.3,MPa,Cube,1180,mm,41.5,mm,41.5,mm,strong,2100,kN,,,,,
Khan et al.,2017a,CB15-SL1(A),73.93,mm,73.93,mm,4.89,mm,WeldedBox,762,MPa,819,MPa,113,MPa,Cylinder,1512,mm,0,mm,,,strong,1732,kN,,,,,
Khan et al.,2017a,CB15-SL1(B),73.84,mm,73.84,mm,4.89,mm,WeldedBox,762,MPa,819,MPa,113,MPa,Cylinder,1512,mm,0,mm,,,strong,1362,kN,,,,,
Khan et al.,2017a,CB15-SL1(C),73.6,mm,73.6,mm,4.96,mm,WeldedBox,762,MPa,819,MPa,113,MPa,Cylinder,1512,mm,0,mm,,,strong,1572,kN,,,,,
Khan et al.,2017a,CB20-SL1(A),98.87,mm,98.87,mm,4.93,mm,WeldedBox,762,MPa,819,MPa,113,MPa,Cylinder,1512,mm,0,mm,,,strong,2087,kN,,,,,
Khan et al.,2017a,CB20-SL1(B),98.89,mm,98.89,mm,4.92,mm,WeldedBox,762,MPa,819,MPa,113,MPa,Cylinder,1512,mm,0,mm,,,strong,2109,kN,,,,,
Khan et al.,2017a,CB20-SL1(C),99.29,mm,99.29,mm,4.89,mm,WeldedBox,762,MPa,819,MPa,113,MPa,Cylinder,1512,mm,0,mm,,,strong,2374,kN,,,,,
Khan et al.,2017a,CB25-SL1(A),124.12,mm,124.12,mm,4.93,mm,WeldedBox,762,MPa,819,MPa,113,MPa,Cylinder,1512,mm,0,mm,,,strong,3748,kN,,,,,
Khan et al.,2017a,CB25-SL1(B),124.39,mm,124.39,mm,4.89,mm,WeldedBox,762,MPa,819,MPa,113,MPa,Cylinder,1512,mm,0,mm,,,strong,3560,kN,,,,,
Khan et al.,2017a,CB25-SL1(C),124.05,mm,124.05,mm,4.93,mm,WeldedBox,762,MPa,819,MPa,113,MPa,Cylinder,1512,mm,0,mm,,,strong,2799,kN,,,,,
Khan et al.,2017a,CB15-SL2(A),74.36,mm,74.36,mm,4.9,mm,WeldedBox,762,MPa,819,MPa,113,MPa,Cylinder,2512,mm,0,mm,,,strong,583,kN,,,,,
Khan et al.,2017a,CB15-SL2(B),74.44,mm,74.44,mm,4.94,mm,WeldedBox,762,MPa,819,MPa,113,MPa,Cylinder,2512,mm,0,mm,,,strong,878,kN,,,,,
Khan et al.,2017a,CB15-SL2(C),75.08,mm,75.08,mm,4.92,mm,WeldedBox,762,MPa,819,MPa,113,MPa,Cylinder,2512,mm,0,mm,,,strong,594,kN,,,,,
Khan et al.,2017a,CB20-SL2(A),99.95,mm,99.95,mm,4.9,mm,WeldedBox,762,MPa,819,MPa,113,MPa,Cylinder,2512,mm,0,mm,,,strong,1377,kN,,,,,
Khan et al.,2017a,CB20-SL2(B),100,mm,100,mm,4.93,mm,WeldedBox,762,MPa,819,MPa,113,MPa,Cylinder,2512,mm,0,mm,,,strong,1049,kN,,,,,
Khan et al.,2017a,CB20-SL2(C),99.37,mm,99.37,mm,4.91,mm,WeldedBox,762,MPa,819,MPa,113,MPa,Cylinder,2512,mm,0,mm,,,strong,1235,kN,,,,,
Khan et al.,2017a,CB25-SL2(A),124.6,mm,124.6,mm,4.93,mm,WeldedBox,762,MPa,819,MPa,113,MPa,Cylinder,2512,mm,0,mm,,,strong,2823,kN,,,,,
Khan et al.,2017a,CB25-SL2(B),125.09,mm,125.09,mm,4.89,mm,WeldedBox,762,MPa,819,MPa,113,MPa,Cylinder,2512,mm,0,mm,,,strong,2546,kN,,,,,
Khan et al.,2017a,CB25-SL2(C),124.54,mm,124.54,mm,4.92,mm,WeldedBox,762,MPa,819,MPa,113,MPa,Cylinder,2512,mm,0,mm,,,strong,2522,kN,,,,,
Khan et al.,2017a,CB30-SL2(A),149.72,mm,149.72,mm,4.94,mm,WeldedBox,762,MPa,819,MPa,113,MPa,Cylinder,2512,mm,0,mm,,,strong,3938,kN,,,,,
Khan et al.,2017a,CB30-SL2(B),149.96,mm,149.96,mm,4.91,mm,WeldedBox,762,MPa,819,MPa,113,MPa,Cylinder,2512,mm,0,mm,,,strong,3739,kN,,,,,
Khan et al.,2017a,CB30-SL2(C),150.31,mm,150.31,mm,4.92,mm,WeldedBox,762,MPa,819,MPa,113,MPa,Cylinder,2512,mm,0,mm,,,strong,3988,kN,,,,,
Khan et al.,2017a,CB40-SL2(A),199.62,mm,199.62,mm,4.95,mm,WeldedBox,762,MPa,819,MPa,113,MPa,Cylinder,2512,mm,0,mm,,,strong,6141,kN,,,,,
Khan et al.,2017a,CB40-SL2(B),199.5,mm,199.5,mm,4.92,mm,WeldedBox,762,MPa,819,MPa,113,MPa,Cylinder,2512,mm,0,mm,,,strong,6004,kN,,,,,
Khan et al.,2017a,CB40-SL2(C),199.78,mm,199.78,mm,4.92,mm,WeldedBox,762,MPa,819,MPa,113,MPa,Cylinder,2512,mm,0,mm,,,strong,6329,kN,,,,,
Khan et al.,2017a,CB15-SL3(A),74.41,mm,74.41,mm,4.95,mm,WeldedBox,762,MPa,819,MPa,113,MPa,Cylinder,3512,mm,0,mm,,,strong,469,kN,,,,,
Khan et al.,2017a,CB15-SL3(B),73.95,mm,73.95,mm,4.97,mm,WeldedBox,762,MPa,819,MPa,113,MPa,Cylinder,3512,mm,0,mm,,,strong,286,kN,,,,,
Khan et al.,2017a,CB15-SL3(C),74.16,mm,74.16,mm,4.89,mm,WeldedBox,762,MPa,819,MPa,113,MPa,Cylinder,3512,mm,0,mm,,,strong,410,kN,,,,,
Khan et al.,2017a,CB20-SL3(A),98.99,mm,98.99,mm,4.95,mm,WeldedBox,762,MPa,819,MPa,113,MPa,Cylinder,3512,mm,0,mm,,,strong,810,kN,,,,,
Khan et al.,2017a,CB20-SL3(B),99.4,mm,99.4,mm,4.92,mm,WeldedBox,762,MPa,819,MPa,113,MPa,Cylinder,3512,mm,0,mm,,,strong,851,kN,,,,,
Khan et al.,2017a,CB20-SL3(C),99.51,mm,99.51,mm,4.92,mm,WeldedBox,762,MPa,819,MPa,113,MPa,Cylinder,3512,mm,0,mm,,,strong,761,kN,,,,,
Khan et al.,2017a,CB25-SL3(A),124.41,mm,124.41,mm,4.92,mm,WeldedBox,762,MPa,819,MPa,113,MPa,Cylinder,3512,mm,0,mm,,,strong,1535,kN,,,,,
Khan et al.,2017a,CB25-SL3(B),124.24,mm,124.24,mm,4.92,mm,WeldedBox,762,MPa,819,MPa,113,MPa,Cylinder,3512,mm,0,mm,,,strong,1196,kN,,,,,
Khan et al.,2017a,CB25-SL3(C),124.4,mm,124.4,mm,4.95,mm,WeldedBox,762,MPa,819,MPa,113,MPa,Cylinder,3512,mm,0,mm,,,strong,1539,kN,,,,,
Khan et al.,2017a,CB30-SL3(A),149.33,mm,149.33,mm,4.93,mm,WeldedBox,762,MPa,819,MPa,113,MPa,Cylinder,3512,mm,0,mm,,,strong,4142,kN,,,,,
Khan et al.,2017a,CB30-SL3(B),148.88,mm,148.88,mm,4.93,mm,WeldedBox,762,MPa,819,MPa,113,MPa,Cylinder,3512,mm,0,mm,,,strong,2303,kN,,,,,
Khan et al.,2017a,CB30-SL3(C),149.92,mm,149.92,mm,4.93,mm,WeldedBox,762,MPa,819,MPa,113,MPa,Cylinder,3512,mm,0,mm,,,strong,2556,kN,,,,,
Khan et al.,2017a,CB40-SL3(A),199.84,mm,199.84,mm,4.93,mm,WeldedBox,762,MPa,819,MPa,113,MPa,Cylinder,3512,mm,0,mm,,,strong,5002,kN,,,,,
Khan et al.,2017a,CB40-SL3(B),199.59,mm,199.59,mm,4.92,mm,WeldedBox,762,MPa,819,MPa,113,MPa,Cylinder,3512,mm,0,mm,,,strong,5896,kN,,,,,
Khan et al.,2017a,CB40-SL3(C),200.67,mm,200.67,mm,4.93,mm,WeldedBox,762,MPa,819,MPa,113,MPa,Cylinder,3512,mm,0,mm,,,strong,5052,kN,,,,,
Khan et al.,2017b,CB15-SH(A),74.04,mm,74.04,mm,4.91,mm,WeldedBox,762,MPa,819,MPa,100,MPa,Cylinder,285,mm,0,mm,,,strong,1636,kN,,,,,
Khan et al.,2017b,CB15-SH(B),72.87,mm,72.87,mm,4.88,mm,WeldedBox,762,MPa,819,MPa,100,MPa,Cylinder,285,mm,0,mm,,,strong,1755,kN,,,,,
Khan et al.,2017b,CB20-SH(A),99.56,mm,99.56,mm,4.91,mm,WeldedBox,762,MPa,819,MPa,100,MPa,Cylinder,360,mm,0,mm,,,strong,2520,kN,,,,,
Khan et al.,2017b,CB20-SH(B),99.2,mm,99.2,mm,4.93,mm,WeldedBox,762,MPa,819,MPa,100,MPa,Cylinder,360,mm,0,mm,,,strong,2632,kN,,,,,
Khan et al.,2017b,CB25-SH(A),124.43,mm,124.43,mm,4.93,mm,WeldedBox,762,MPa,819,MPa,100,MPa,Cylinder,435,mm,0,mm,,,strong,3023,kN,,,,,
Khan et al.,2017b,CB25-SH(B),124.94,mm,124.94,mm,4.94,mm,WeldedBox,762,MPa,819,MPa,100,MPa,Cylinder,435,mm,0,mm,,,strong,2962,kN,,,,,
Khan et al.,2017b,CB30-SH(A),149.99,mm,149.99,mm,4.92,mm,WeldedBox,762,MPa,819,MPa,100,MPa,Cylinder,510,mm,0,mm,,,strong,4115,kN,,,,,
Khan et al.,2017b,CB30-SH(B),149.87,mm,149.87,mm,4.92,mm,WeldedBox,762,MPa,819,MPa,100,MPa,Cylinder,510,mm,0,mm,,,strong,3968,kN,,,,,
Khan et al.,2017b,CB30-SL1(A),149.77,mm,149.77,mm,4.93,mm,WeldedBox,762,MPa,819,MPa,113,MPa,Cylinder,1514,mm,0,mm,,,strong,5164,kN,,,,,
Khan et al.,2017b,CB30-SL1(B),149.37,mm,149.37,mm,4.94,mm,WeldedBox,762,MPa,819,MPa,113,MPa,Cylinder,1514,mm,0,mm,,,strong,4833,kN,,,,,
Khan et al.,2017b,CB30-SL1(C),149.58,mm,149.58,mm,4.95,mm,WeldedBox,762,MPa,819,MPa,113,MPa,Cylinder,1514,mm,0,mm,,,strong,5085,kN,,,,,
Khan et al.,2017b,CB40-SH(A),199.01,mm,199.01,mm,4.92,mm,WeldedBox,762,MPa,819,MPa,113,MPa,Cylinder,660,mm,0,mm,,,strong,5184,kN,,,,,
Khan et al.,2017b,CB40-SH(B),198.71,mm,198.71,mm,4.92,mm,WeldedBox,762,MPa,819,MPa,113,MPa,Cylinder,660,mm,0,mm,,,strong,5604,kN,,,,,
Khan et al.,2017b,CB40-SL1(A),198.92,mm,198.92,mm,4.91,mm,WeldedBox,762,MPa,819,MPa,113,MPa,Cylinder,1514,mm,0,mm,,,strong,7478,kN,,,,,
Khan et al.,2017b,CB40-SL1(B),198.99,mm,198.99,mm,4.92,mm,WeldedBox,762,MPa,819,MPa,113,MPa,Cylinder,1514,mm,0,mm,,,strong,7506,kN,,,,,
Khan et al.,2017b,CB40-SL1(C),198.96,mm,198.96,mm,4.94,mm,WeldedBox,762,MPa,819,MPa,113,MPa,Cylinder,1514,mm,0,mm,,,strong,6460,kN,,,,,