Author,Year,Specimen,ShapeName,d,d_units,tw,tw_units,bf,bf_units,tf,tf_units,Fy,Fy_units,Fu,Fu_units,H,H_units,B,B_units,fc,fc_type,fc_units,config_longitudinal,db,db_units,Fylr,Fylr_units,config_lateral,dbTies,dbTies_units,s,s_units,Fytr,Fytr_units,cover,cover_units,L,L_units,et,et_units,eb,eb_units,BendingAxis,Pexp,Pexp_units,d_at_Pexp,d_at_Pexp_units,Tags,Notes
Stevens,1965,B1,BS 3x1-1/2,3,in,0.16,in,1.5,in,0.25,in,40.6,ksi,,,5,in,3.5,in,2.56,Cylinder,ksi,none,,,,,none,,,,,,,,,46,in,0,in,,,weak,81.4,kips,,,,
Stevens,1965,B2,BS 3x1-1/2,3,in,0.16,in,1.5,in,0.25,in,40.6,ksi,,,5,in,3.5,in,1.84,Cylinder,ksi,none,,,,,none,,,,,,,,,64,in,0,in,,,weak,60.1,kips,,,,
Stevens,1965,B3,BS 3x1-1/2,3,in,0.16,in,1.5,in,0.25,in,40.6,ksi,,,5,in,3.5,in,2.24,Cylinder,ksi,none,,,,,none,,,,,,,,,82,in,0,in,,,weak,63,kips,,,,
Stevens,1965,B4,BS 3x1-1/2,3,in,0.16,in,1.5,in,0.25,in,40.6,ksi,,,5,in,3.5,in,2,Cylinder,ksi,none,,,,,none,,,,,,,,,100,in,0,in,,,weak,43.6,kips,,,,
Stevens,1965,B5,BS 3x1-1/2,3,in,0.16,in,1.5,in,0.25,in,40.6,ksi,,,5,in,3.5,in,2.52,Cylinder,ksi,none,,,,,none,,,,,,,,,118,in,0,in,,,weak,50.6,kips,,,,
Stevens,1965,B6,BS 3x1-1/2,3,in,0.16,in,1.5,in,0.25,in,40.6,ksi,,,5,in,3.5,in,2.2,Cylinder,ksi,none,,,,,none,,,,,,,,,136,in,0,in,,,weak,36.1,kips,,,,
Stevens,1965,B7,BS 3x1-1/2,3,in,0.16,in,1.5,in,0.25,in,40.6,ksi,,,5,in,3.5,in,2.76,Cylinder,ksi,none,,,,,none,,,,,,,,,154,in,0,in,,,weak,33.9,kips,,,,
Stevens,1965,A1,BS 5x4-1/2,5,in,0.29,in,4.5,in,0.51,in,41.1,ksi,,,7,in,6.5,in,2.32,Cylinder,ksi,none,,,,,none,,,,,,,,,13,in,0,in,,,weak,352,kips,,,,
Stevens,1965,A2,BS 5x4-1/2,5,in,0.29,in,4.5,in,0.51,in,41.4,ksi,,,7,in,6.5,in,2.08,Cylinder,ksi,none,,,,,none,,,,,,,,,46,in,0,in,,,weak,308,kips,,,,
Stevens,1965,A5,BS 5x4-1/2,5,in,0.29,in,4.5,in,0.51,in,41.4,ksi,,,7,in,6.5,in,2.32,Cylinder,ksi,none,,,,,none,,,,,,,,,118,in,0,in,,,weak,288,kips,,,,
Stevens,1965,A6,BS 5x4-1/2,5,in,0.29,in,4.5,in,0.51,in,41.4,ksi,,,7,in,6.5,in,2.48,Cylinder,ksi,none,,,,,none,,,,,,,,,153,in,0,in,,,weak,231,kips,,,,
Stevens,1965,A3,BS 5x4-1/2,5,in,0.29,in,4.5,in,0.51,in,41.4,ksi,,,7,in,6.5,in,2.28,Cylinder,ksi,none,,,,,none,,,,,,,,,82,in,0,in,,,weak,316.8,kips,,,,
Stevens,1965,A4,BS 5x4-1/2,5,in,0.29,in,4.5,in,0.51,in,41.4,ksi,,,7,in,6.5,in,2.66,Cylinder,ksi,none,,,,,none,,,,,,,,,82,in,0,in,,,weak,297,kips,,,,
Stevens,1965,FA1,BS 12x8,12,in,0.43,in,8,in,0.9,in,32.4,ksi,,,16,in,12,in,2.28,Cylinder,ksi,none,,,,,none,,,,,,,,,36,in,0,in,,,weak,1051,kips,,,,
Stevens,1965,FA2,BS 12x8,12,in,0.43,in,8,in,0.9,in,32.4,ksi,,,16,in,12,in,2.44,Cylinder,ksi,none,,,,,none,,,,,,,,,72,in,0,in,,,weak,990,kips,,,,
Stevens,1965,FA3,BS 12x8,12,in,0.43,in,8,in,0.9,in,32.4,ksi,,,16,in,12,in,2.16,Cylinder,ksi,none,,,,,none,,,,,,,,,108,in,0,in,,,weak,926,kips,,,,
Stevens,1965,FA4,BS 12x8,12,in,0.43,in,8,in,0.9,in,32.4,ksi,,,16,in,12,in,2.4,Cylinder,ksi,none,,,,,none,,,,,,,,,144,in,0,in,,,weak,937,kips,,,,
Stevens,1965,FA5,BS 12x8,12,in,0.43,in,8,in,0.9,in,32.4,ksi,,,16,in,12,in,2.4,Cylinder,ksi,none,,,,,none,,,,,,,,,180,in,0,in,,,weak,933,kips,,,,
Stevens,1965,S1G,BS 8x6,8,in,0.44,in,6,in,0.6,in,33.3,ksi,,,10,in,8,in,2.16,Cylinder,ksi,none,,,,,none,,,,,,,,,84,in,0,in,,,weak,528,kips,,,,
Stevens,1965,S1E,BS 8x6,8,in,0.44,in,6,in,0.6,in,33.3,ksi,,,10,in,8,in,2.44,Cylinder,ksi,none,,,,,none,,,,,,,,,84,in,0,in,,,weak,618.2,kips,,,LightweightConcrete,
Stevens,1965,S1S,BS 8x6,8,in,0.44,in,6,in,0.6,in,33.3,ksi,,,10,in,8,in,2.72,Cylinder,ksi,none,,,,,none,,,,,,,,,84,in,0,in,,,weak,567.6,kips,,,,
Stevens,1965,S2G,BS 8x6,8,in,0.44,in,6,in,0.6,in,33.3,ksi,,,12,in,10,in,3.44,Cylinder,ksi,2x-2y,0.25,in,40,ksi,ties,0.25,in,6,in,40,ksi,1,in,84,in,0,in,,,weak,638,kips,,,,
Stevens,1965,S2E,BS 8x6,8,in,0.44,in,6,in,0.6,in,33.3,ksi,,,12,in,10,in,3.68,Cylinder,ksi,2x-2y,0.25,in,40,ksi,ties,0.25,in,6,in,40,ksi,1,in,84,in,0,in,,,weak,836,kips,,,LightweightConcrete,
Stevens,1965,S2S,BS 8x6,8,in,0.44,in,6,in,0.6,in,33.3,ksi,,,12,in,10,in,3.48,Cylinder,ksi,2x-2y,0.25,in,40,ksi,ties,0.25,in,6,in,40,ksi,1,in,84,in,0,in,,,weak,704,kips,,,,
Stevens,1965,S3G,BS 8x6,8,in,0.44,in,6,in,0.6,in,33.3,ksi,,,14,in,12,in,2.68,Cylinder,ksi,2x-2y,0.25,in,40,ksi,ties,0.25,in,6,in,40,ksi,1,in,84,in,0,in,,,weak,801,kips,,,,
Stevens,1965,S3E,BS 8x6,8,in,0.44,in,6,in,0.6,in,33.3,ksi,,,14,in,12,in,3.04,Cylinder,ksi,2x-2y,0.25,in,40,ksi,ties,0.25,in,6,in,40,ksi,1,in,84,in,0,in,,,weak,836,kips,,,LightweightConcrete,
Stevens,1965,S3S,BS 8x6,8,in,0.44,in,6,in,0.6,in,33.3,ksi,,,14,in,12,in,3.4,Cylinder,ksi,2x-2y,0.25,in,40,ksi,ties,0.25,in,6,in,40,ksi,1,in,84,in,0,in,,,weak,930.6,kips,,,,
Stevens,1965,RE1a,BS 5x4-1/2,5,in,0.29,in,4.5,in,0.51,in,42.3,ksi,,,7,in,6.5,in,2.44,Cylinder,ksi,none,,,,,none,,,,,,,,,118,in,0,in,,,weak,294.8,kips,,,,
Stevens,1965,RE1b,BS 5x4-1/2,5,in,0.29,in,4.5,in,0.51,in,42.3,ksi,,,7,in,6.5,in,2.2,Cylinder,ksi,none,,,,,none,,,,,,,,,118,in,0,in,,,weak,275,kips,,,,
Stevens,1965,RE2a,BS 5x4-1/2,5,in,0.29,in,4.5,in,0.51,in,42.3,ksi,,,7,in,6.5,in,2.32,Cylinder,ksi,none,,,,,none,,,,,,,,,118,in,0,in,,,weak,270.6,kips,,,,
Stevens,1965,RE2b,BS 5x4-1/2,5,in,0.29,in,4.5,in,0.51,in,42.3,ksi,,,7,in,6.5,in,2.76,Cylinder,ksi,none,,,,,none,,,,,,,,,118,in,0,in,,,weak,264,kips,,,,
Stevens,1965,RE3a,BS 5x4-1/2,5,in,0.29,in,4.5,in,0.51,in,42.3,ksi,,,7,in,6.5,in,2.68,Cylinder,ksi,2x-2y,0.25,in,40,ksi,ties,0.25,in,6,in,40,ksi,0.75,in,118,in,0,in,,,weak,308,kips,,,,
Stevens,1965,RE3b,BS 5x4-1/2,5,in,0.29,in,4.5,in,0.51,in,42.3,ksi,,,7,in,6.5,in,2.32,Cylinder,ksi,2x-2y,0.25,in,40,ksi,ties,0.25,in,6,in,40,ksi,0.75,in,118,in,0,in,,,weak,272.8,kips,,,,
Stevens,1965,RE4a,BS 5x4-1/2,5,in,0.29,in,4.5,in,0.51,in,42.3,ksi,,,7,in,6.5,in,2.4,Cylinder,ksi,none,,,,,none,,,,,,,,,118,in,0,in,,,weak,266.2,kips,,,,
Stevens,1965,RE4b,BS 5x4-1/2,5,in,0.29,in,4.5,in,0.51,in,42.3,ksi,,,7,in,6.5,in,2.24,Cylinder,ksi,none,,,,,none,,,,,,,,,118,in,0,in,,,weak,279.4,kips,,,,
Stevens,1965,FE3,BS 12x8,12,in,0.43,in,8,in,0.9,in,32.3,ksi,,,16,in,12,in,2.52,Cylinder,ksi,2x-2y,0.5,in,40,ksi,ties,0.25,in,6,in,40,ksi,1,in,180,in,1,in,,,weak,661.4,kips,,,,
Stevens,1965,FE4,BS 12x8,12,in,0.43,in,8,in,0.9,in,32.3,ksi,,,16,in,12,in,2.36,Cylinder,ksi,2x-2y,0.5,in,40,ksi,ties,0.25,in,6,in,40,ksi,1,in,180,in,2,in,,,weak,478.4,kips,,,,
Stevens,1965,FE5,BS 12x8,12,in,0.43,in,8,in,0.9,in,32.3,ksi,,,16,in,12,in,3.92,Cylinder,ksi,2x-2y,0.5,in,40,ksi,ties,0.25,in,6,in,40,ksi,1,in,180,in,2,in,,,weak,507.1,kips,,,,
Stevens,1965,FE6,BS 12x8,12,in,0.43,in,8,in,0.9,in,32.3,ksi,,,16,in,12,in,2.68,Cylinder,ksi,2x-2y,0.5,in,40,ksi,ties,0.25,in,6,in,40,ksi,1,in,180,in,3,in,,,weak,354.9,kips,,,,
Stevens,1965,FE7,BS 12x8,12,in,0.43,in,8,in,0.9,in,32.3,ksi,,,16,in,12,in,2.68,Cylinder,ksi,2x-2y,0.5,in,40,ksi,ties,0.25,in,6,in,40,ksi,1,in,180,in,4,in,,,weak,291,kips,,,,
Stevens,1965,FE8,BS 12x8,12,in,0.43,in,8,in,0.9,in,32.3,ksi,,,16,in,12,in,2.8,Cylinder,ksi,2x-2y,0.5,in,40,ksi,ties,0.25,in,6,in,40,ksi,1,in,180,in,5,in,,,weak,257.9,kips,,,,
Stevens,1965,FE9,BS 12x8,12,in,0.43,in,8,in,0.9,in,32.3,ksi,,,16,in,12,in,2.72,Cylinder,ksi,2x-2y,0.5,in,40,ksi,ties,0.25,in,6,in,40,ksi,1,in,180,in,6,in,,,weak,227.1,kips,,,,
Stevens,1965,FE10,BS 12x8,12,in,0.43,in,8,in,0.9,in,32.3,ksi,,,16,in,12,in,3.08,Cylinder,ksi,2x-2y,0.5,in,40,ksi,ties,0.25,in,6,in,40,ksi,1,in,180,in,7,in,,,weak,196.2,kips,,,,
Stevens,1965,FE11,BS 12x8,12,in,0.43,in,8,in,0.9,in,32.3,ksi,,,16,in,12,in,3,Cylinder,ksi,2x-2y,0.5,in,40,ksi,ties,0.25,in,6,in,40,ksi,1,in,180,in,8,in,,,weak,165.3,kips,,,,
Stevens,1965,CV3,BS 5x4-1/2,5,in,0.29,in,4.5,in,0.51,in,33.6,ksi,,,7,in,6.5,in,2.32,Cylinder,ksi,none,,,,,none,,,,,,,,,82,in,0.75,in,,,weak,158.7,kips,,,,
Stevens,1965,CV4,BS 5x4-1/2,5,in,0.29,in,4.5,in,0.51,in,33.6,ksi,,,7,in,6.5,in,2.96,Cylinder,ksi,none,,,,,none,,,,,,,,,82,in,0.75,in,,,weak,176.4,kips,,,,
Stevens,1965,CV5,BS 5x4-1/2,5,in,0.29,in,4.5,in,0.51,in,33.6,ksi,,,7,in,6.5,in,3.56,Cylinder,ksi,none,,,,,none,,,,,,,,,82,in,0.75,in,,,weak,198.4,kips,,,,
Stevens,1965,CV6,BS 5x4-1/2,5,in,0.29,in,4.5,in,0.51,in,33.6,ksi,,,7,in,6.5,in,4.2,Cylinder,ksi,none,,,,,none,,,,,,,,,82,in,0.8,in,,,weak,224.9,kips,,,,
Stevens,1965,AE1,BS 5x4-1/2,5,in,0.29,in,4.5,in,0.51,in,33.6,ksi,,,7,in,6.5,in,2.48,Cylinder,ksi,none,,,,,none,,,,,,,,,28.6,in,1,in,,,weak,163.1,kips,,,,
Stevens,1965,AE7,BS 5x4-1/2,5,in,0.29,in,4.5,in,0.51,in,33.6,ksi,,,7,in,6.5,in,2.52,Cylinder,ksi,none,,,,,none,,,,,,,,,45.5,in,0.5,in,,,weak,220.5,kips,,,,
Stevens,1965,AE2,BS 5x4-1/2,5,in,0.29,in,4.5,in,0.51,in,33.6,ksi,,,7,in,6.5,in,3.16,Cylinder,ksi,none,,,,,none,,,,,,,,,45.5,in,1,in,,,weak,160.9,kips,,,,
Stevens,1965,AE3,BS 5x4-1/2,5,in,0.29,in,4.5,in,0.51,in,33.6,ksi,,,7,in,6.5,in,3.04,Cylinder,ksi,none,,,,,none,,,,,,,,,82,in,1,in,,,weak,138.9,kips,,,,
Stevens,1965,AE8,BS 5x4-1/2,5,in,0.29,in,4.5,in,0.51,in,33.6,ksi,,,7,in,6.5,in,2.6,Cylinder,ksi,none,,,,,none,,,,,,,,,118,in,0.5,in,,,weak,158.7,kips,,,,
Stevens,1965,AE4,BS 5x4-1/2,5,in,0.29,in,4.5,in,0.51,in,33.6,ksi,,,7,in,6.5,in,3.4,Cylinder,ksi,none,,,,,none,,,,,,,,,118,in,1,in,,,weak,116.8,kips,,,,
Stevens,1965,AE5,BS 5x4-1/2,5,in,0.29,in,4.5,in,0.51,in,33.6,ksi,,,7,in,6.5,in,2.76,Cylinder,ksi,none,,,,,none,,,,,,,,,153,in,1,in,,,weak,97,kips,,,,
Stevens,1965,AE9,BS 5x4-1/2,5,in,0.29,in,4.5,in,0.51,in,33.6,ksi,,,7,in,6.5,in,1.84,Cylinder,ksi,none,,,,,none,,,,,,,,,153,in,1.5,in,,,weak,77.2,kips,,,,
Stevens,1965,AE10,BS 5x4-1/2,5,in,0.29,in,4.5,in,0.51,in,33.6,ksi,,,7,in,6.5,in,2.32,Cylinder,ksi,none,,,,,none,,,,,,,,,153,in,2,in,,,weak,72.8,kips,,,,
Anslijn & Janss,1974,1.1,HEB 140,140,mm,7,mm,140,mm,12,mm,2910,kgscm,,,24,cm,24,cm,466,cube,kgscm,2x-2y,12,mm,40,ksi,ties,5,mm,18,cm,40,ksi,39,mm,428,cm,0,cm,,,weak,219,tonne,,,,Reinforcing yield strength is assumed
Anslijn & Janss,1974,1.2,HEB 140,140,mm,7,mm,140,mm,12,mm,2910,kgscm,,,24,cm,24,cm,431,cube,kgscm,2x-2y,12,mm,40,ksi,ties,5,mm,18,cm,40,ksi,39,mm,428.1,cm,0,cm,,,weak,222,tonne,,,,Reinforcing yield strength is assumed
Anslijn & Janss,1974,1.3,HEB 140,140,mm,7,mm,140,mm,12,mm,2790,kgscm,,,24,cm,24,cm,413,cube,kgscm,2x-2y,12,mm,40,ksi,ties,5,mm,18,cm,40,ksi,39,mm,427.6,cm,0,cm,,,weak,213,tonne,,,,Reinforcing yield strength is assumed
Anslijn & Janss,1974,2.1,HEB 140,140,mm,7,mm,140,mm,12,mm,2990,kgscm,,,24,cm,24,cm,413,cube,kgscm,2x-2y,12,mm,40,ksi,ties,5,mm,18,cm,40,ksi,39,mm,348.4,cm,0,cm,,,weak,239,tonne,,,,Reinforcing yield strength is assumed
Anslijn & Janss,1974,2.2,HEB 140,140,mm,7,mm,140,mm,12,mm,2990,kgscm,,,24,cm,24,cm,359,cube,kgscm,2x-2y,12,mm,40,ksi,ties,5,mm,18,cm,40,ksi,39,mm,347.1,cm,0,cm,,,weak,222,tonne,,,,Reinforcing yield strength is assumed
Anslijn & Janss,1974,2.3,HEB 140,140,mm,7,mm,140,mm,12,mm,2990,kgscm,,,24,cm,24,cm,431,cube,kgscm,2x-2y,12,mm,40,ksi,ties,5,mm,18,cm,40,ksi,39,mm,347.8,cm,0,cm,,,weak,263,tonne,,,,Reinforcing yield strength is assumed
Anslijn & Janss,1974,3.1,HEB 140,140,mm,7,mm,140,mm,12,mm,2815,kgscm,,,24,cm,24,cm,462,cube,kgscm,2x-2y,12,mm,40,ksi,ties,5,mm,18,cm,40,ksi,39,mm,249,cm,0,cm,,,weak,268,tonne,,,,Reinforcing yield strength is assumed
Anslijn & Janss,1974,3.2,HEB 140,140,mm,7,mm,140,mm,12,mm,2815,kgscm,,,24,cm,24,cm,466,cube,kgscm,2x-2y,12,mm,40,ksi,ties,5,mm,18,cm,40,ksi,39,mm,247.6,cm,0,cm,,,weak,228,tonne,,,,Reinforcing yield strength is assumed
Anslijn & Janss,1974,3.3,HEB 140,140,mm,7,mm,140,mm,12,mm,2815,kgscm,,,24,cm,24,cm,413,cube,kgscm,2x-2y,12,mm,40,ksi,ties,5,mm,18,cm,40,ksi,39,mm,248.8,cm,0,cm,,,weak,239,tonne,,,,Reinforcing yield strength is assumed
Anslijn & Janss,1974,4.1,HEB 140,140,mm,7,mm,140,mm,12,mm,2815,kgscm,,,24,cm,24,cm,413,cube,kgscm,2x-2y,12,mm,40,ksi,ties,5,mm,18,cm,40,ksi,39,mm,128.8,cm,0,cm,,,weak,260,tonne,,,,Reinforcing yield strength is assumed
Anslijn & Janss,1974,4.2,HEB 140,140,mm,7,mm,140,mm,12,mm,2815,kgscm,,,24,cm,24,cm,359,cube,kgscm,2x-2y,12,mm,40,ksi,ties,5,mm,18,cm,40,ksi,39,mm,128.2,cm,0,cm,,,weak,252,tonne,,,,Reinforcing yield strength is assumed
Anslijn & Janss,1974,4.3,HEB 140,140,mm,7,mm,140,mm,12,mm,2815,kgscm,,,24,cm,24,cm,435,cube,kgscm,2x-2y,12,mm,40,ksi,ties,5,mm,18,cm,40,ksi,39,mm,125.3,cm,0,cm,,,weak,280,tonne,,,,Reinforcing yield strength is assumed
Anslijn & Janss,1974,5.1,HEB 140,140,mm,7,mm,140,mm,12,mm,3870,kgscm,,,24,cm,24,cm,385,cube,kgscm,2x-2y,12,mm,40,ksi,ties,5,mm,18,cm,40,ksi,39,mm,349.1,cm,0,cm,,,weak,240,tonne,,,,Reinforcing yield strength is assumed
Anslijn & Janss,1974,5.2,HEB 140,140,mm,7,mm,140,mm,12,mm,3870,kgscm,,,24,cm,24,cm,414,cube,kgscm,2x-2y,12,mm,40,ksi,ties,5,mm,18,cm,40,ksi,39,mm,348.3,cm,0,cm,,,weak,268,tonne,,,,Reinforcing yield strength is assumed
Anslijn & Janss,1974,5.3,HEB 140,140,mm,7,mm,140,mm,12,mm,3870,kgscm,,,24,cm,24,cm,393,cube,kgscm,2x-2y,12,mm,40,ksi,ties,5,mm,18,cm,40,ksi,39,mm,348.5,cm,0,cm,,,weak,252,tonne,,,,Reinforcing yield strength is assumed
Anslijn & Janss,1974,6.1,HEB 140,140,mm,7,mm,140,mm,12,mm,5120,kgscm,,,24,cm,24,cm,385,cube,kgscm,2x-2y,12,mm,40,ksi,ties,5,mm,18,cm,40,ksi,39,mm,427.4,cm,0,cm,,,weak,240,tonne,,,,Reinforcing yield strength is assumed
Anslijn & Janss,1974,6.2,HEB 140,140,mm,7,mm,140,mm,12,mm,5120,kgscm,,,24,cm,24,cm,414,cube,kgscm,2x-2y,12,mm,40,ksi,ties,5,mm,18,cm,40,ksi,39,mm,427.5,cm,0,cm,,,weak,220,tonne,,,,Reinforcing yield strength is assumed
Anslijn & Janss,1974,6.3,HEB 140,140,mm,7,mm,140,mm,12,mm,5070,kgscm,,,24,cm,24,cm,394,cube,kgscm,2x-2y,12,mm,40,ksi,ties,5,mm,18,cm,40,ksi,39,mm,427.4,cm,0,cm,,,weak,253,tonne,,,,Reinforcing yield strength is assumed
Anslijn & Janss,1974,7.1,HEB 140,140,mm,7,mm,140,mm,12,mm,4980,kgscm,,,24,cm,24,cm,392,cube,kgscm,2x-2y,12,mm,40,ksi,ties,5,mm,18,cm,40,ksi,39,mm,348.9,cm,0,cm,,,weak,252,tonne,,,,Reinforcing yield strength is assumed
Anslijn & Janss,1974,7.2,HEB 140,140,mm,7,mm,140,mm,12,mm,4980,kgscm,,,24,cm,24,cm,415,cube,kgscm,2x-2y,12,mm,40,ksi,ties,5,mm,18,cm,40,ksi,39,mm,348.8,cm,0,cm,,,weak,267,tonne,,,,Reinforcing yield strength is assumed
Anslijn & Janss,1974,7.3,HEB 140,140,mm,7,mm,140,mm,12,mm,4980,kgscm,,,24,cm,24,cm,394,cube,kgscm,2x-2y,12,mm,40,ksi,ties,5,mm,18,cm,40,ksi,39,mm,348.7,cm,0,cm,,,weak,262,tonne,,,,Reinforcing yield strength is assumed
Anslijn & Janss,1974,8.1,HEB 140,140,mm,7,mm,140,mm,12,mm,5100,kgscm,,,24,cm,24,cm,412,cube,kgscm,2x-2y,12,mm,40,ksi,ties,5,mm,18,cm,40,ksi,39,mm,248.5,cm,0,cm,,,weak,248,tonne,,,,Reinforcing yield strength is assumed
Anslijn & Janss,1974,8.2,HEB 140,140,mm,7,mm,140,mm,12,mm,5100,kgscm,,,24,cm,24,cm,466,cube,kgscm,2x-2y,12,mm,40,ksi,ties,5,mm,18,cm,40,ksi,39,mm,248.4,cm,0,cm,,,weak,241,tonne,,,,Reinforcing yield strength is assumed
Anslijn & Janss,1974,8.3,HEB 140,140,mm,7,mm,140,mm,12,mm,5100,kgscm,,,24,cm,24,cm,462,cube,kgscm,2x-2y,12,mm,40,ksi,ties,5,mm,18,cm,40,ksi,39,mm,248.8,cm,0,cm,,,weak,260,tonne,,,,Reinforcing yield strength is assumed
Anslijn & Janss,1974,9.1,IPE 220,220,mm,5.9,mm,110,mm,9.2,mm,2780,kgscm,,,32,cm,21,cm,359,cube,kgscm,2x-2y,12,mm,40,ksi,ties,5,mm,18,cm,40,ksi,39,mm,348.7,cm,0,cm,,,weak,233,tonne,,,,Reinforcing yield strength is assumed
Anslijn & Janss,1974,9.2,IPE 220,220,mm,5.9,mm,110,mm,9.2,mm,2780,kgscm,,,32,cm,21,cm,462,cube,kgscm,2x-2y,12,mm,40,ksi,ties,5,mm,18,cm,40,ksi,39,mm,348.7,cm,0,cm,,,weak,258,tonne,,,,Reinforcing yield strength is assumed
Anslijn & Janss,1974,9.3,IPE 220,220,mm,5.9,mm,110,mm,9.2,mm,2780,kgscm,,,32,cm,21,cm,415,cube,kgscm,2x-2y,12,mm,40,ksi,ties,5,mm,18,cm,40,ksi,39,mm,348.6,cm,0,cm,,,weak,210,tonne,,,,Reinforcing yield strength is assumed
Anslijn & Janss,1974,10.1,IPE 220,220,mm,5.9,mm,110,mm,9.2,mm,4980,kgscm,,,32,cm,21,cm,413,cube,kgscm,2x-2y,12,mm,40,ksi,ties,5,mm,18,cm,40,ksi,39,mm,348.5,cm,0,cm,,,weak,235,tonne,,,,Reinforcing yield strength is assumed
Anslijn & Janss,1974,10.2,IPE 220,220,mm,5.9,mm,110,mm,9.2,mm,4980,kgscm,,,32,cm,21,cm,382,cube,kgscm,2x-2y,12,mm,40,ksi,ties,5,mm,18,cm,40,ksi,39,mm,248.5,cm,0,cm,,,weak,276,tonne,,,,Reinforcing yield strength is assumed
Anslijn & Janss,1974,10.3,IPE 220,220,mm,5.9,mm,110,mm,9.2,mm,5020,kgscm,,,32,cm,21,cm,393,cube,kgscm,2x-2y,12,mm,40,ksi,ties,5,mm,18,cm,40,ksi,39,mm,348.3,cm,0,cm,,,weak,241,tonne,,,,Reinforcing yield strength is assumed
Anslijn & Janss,1974,11.1,HEB 140,140,mm,7,mm,140,mm,12,mm,2920,kgscm,,,24,cm,24,cm,422,cube,kgscm,2x-2y,12,mm,40,ksi,ties,5,mm,18,cm,40,ksi,39,mm,345.3,cm,4,cm,,,weak,114,tonne,,,,Reinforcing yield strength is assumed
Anslijn & Janss,1974,11.2,HEB 140,140,mm,7,mm,140,mm,12,mm,2920,kgscm,,,24,cm,24,cm,435,cube,kgscm,2x-2y,12,mm,40,ksi,ties,5,mm,18,cm,40,ksi,39,mm,345.1,cm,4,cm,,,weak,120,tonne,,,,Reinforcing yield strength is assumed
Anslijn & Janss,1974,11.3,HEB 140,140,mm,7,mm,140,mm,12,mm,2920,kgscm,,,24,cm,24,cm,378,cube,kgscm,2x-2y,12,mm,40,ksi,ties,5,mm,18,cm,40,ksi,39,mm,345.3,cm,4,cm,,,weak,109,tonne,,,,Reinforcing yield strength is assumed
Anslijn & Janss,1974,12.1,HEB 140,140,mm,7,mm,140,mm,12,mm,4970,kgscm,,,24,cm,24,cm,422,cube,kgscm,2x-2y,12,mm,40,ksi,ties,5,mm,18,cm,40,ksi,39,mm,344.8,cm,4,cm,,,weak,120,tonne,,,,Reinforcing yield strength is assumed
Anslijn & Janss,1974,12.2,HEB 140,140,mm,7,mm,140,mm,12,mm,4970,kgscm,,,24,cm,24,cm,409,cube,kgscm,2x-2y,12,mm,40,ksi,ties,5,mm,18,cm,40,ksi,39,mm,344.7,cm,4,cm,,,weak,114,tonne,,,,Reinforcing yield strength is assumed
Anslijn & Janss,1974,12.3,HEB 140,140,mm,7,mm,140,mm,12,mm,4970,kgscm,,,24,cm,24,cm,378,cube,kgscm,2x-2y,12,mm,40,ksi,ties,5,mm,18,cm,40,ksi,39,mm,345.5,cm,4,cm,,,weak,101,tonne,,,,Reinforcing yield strength is assumed
Anslijn & Janss,1974,13.1,IPE 220,220,mm,5.9,mm,110,mm,9.2,mm,2780,kgscm,,,32,cm,21,cm,435,cube,kgscm,2x-2y,12,mm,40,ksi,ties,5,mm,18,cm,40,ksi,39,mm,244.6,cm,4,cm,,,weak,122,tonne,,,,Reinforcing yield strength is assumed
Anslijn & Janss,1974,13.2,IPE 220,220,mm,5.9,mm,110,mm,9.2,mm,2740,kgscm,,,32,cm,21,cm,409,cube,kgscm,2x-2y,12,mm,40,ksi,ties,5,mm,18,cm,40,ksi,39,mm,245.4,cm,4,cm,,,weak,106,tonne,,,,Reinforcing yield strength is assumed
Anslijn & Janss,1974,13.3,IPE 220,220,mm,5.9,mm,110,mm,9.2,mm,2740,kgscm,,,32,cm,21,cm,401,cube,kgscm,2x-2y,12,mm,40,ksi,ties,5,mm,18,cm,40,ksi,39,mm,244.7,cm,4,cm,,,weak,104,tonne,,,,Reinforcing yield strength is assumed
Roderick & Loke,1975,SE 1,BS 4 x 3,4,in,0.24,in,3,in,0.35,in,42.4,ksi,,,203,mm,178,mm,3.69,cylinder,ksi,none,,,,,none,,,,,,,,,83.75,in,0,in,,,weak,273,kips,,,,
Roderick & Loke,1975,SE 2,BS 4 x 3,4,in,0.24,in,3,in,0.35,in,42.4,ksi,,,203,mm,178,mm,4.28,cylinder,ksi,none,,,,,none,,,,,,,,,83.75,in,0.4,in,,,weak,211,kips,,,,
Roderick & Loke,1975,SE 3,BS 4 x 3,4,in,0.24,in,3,in,0.35,in,42.4,ksi,,,203,mm,178,mm,3.91,cylinder,ksi,none,,,,,none,,,,,,,,,83.75,in,0.8,in,,,weak,129,kips,,,,
Roderick & Loke,1975,SE 4,BS 4 x 3,4,in,0.24,in,3,in,0.35,in,40.7,ksi,,,203,mm,178,mm,3.88,cylinder,ksi,none,,,,,none,,,,,,,,,83.75,in,0,in,,,weak,264,kips,,,,
Roderick & Loke,1975,SE 5,BS 4 x 3,4,in,0.24,in,3,in,0.35,in,40.7,ksi,,,203,mm,178,mm,3.71,cylinder,ksi,none,,,,,none,,,,,,,,,83.75,in,0.4,in,,,weak,195,kips,,,,
Roderick & Loke,1975,SE 6,BS 4 x 3,4,in,0.24,in,3,in,0.35,in,45.6,ksi,,,203,mm,178,mm,3.28,cylinder,ksi,none,,,,,none,,,,,,,,,83.75,in,0.8,in,,,weak,108,kips,,,,
Roderick & Loke,1975,SE 7,BS 4 x 3,4,in,0.24,in,3,in,0.35,in,39.3,ksi,,,203,mm,178,mm,4.2,cylinder,ksi,none,,,,,none,,,,,,,,,83.75,in,1.5,in,,,weak,88,kips,,,,
Roderick & Loke,1975,SE 8,BS 4 x 3,4,in,0.24,in,3,in,0.35,in,39.4,ksi,,,203,mm,178,mm,4.14,cylinder,ksi,none,,,,,none,,,,,,,,,119.75,in,0,in,,,weak,290,kips,,,,
Roderick & Loke,1975,SE 9,BS 4 x 3,4,in,0.24,in,3,in,0.35,in,39.5,ksi,,,203,mm,178,mm,4.58,cylinder,ksi,none,,,,,none,,,,,,,,,119.75,in,0.2,in,,,weak,201,kips,,,,
Roderick & Loke,1975,SE 10,BS 4 x 3,4,in,0.24,in,3,in,0.35,in,39.4,ksi,,,203,mm,178,mm,4.31,cylinder,ksi,none,,,,,none,,,,,,,,,119.75,in,0.4,in,,,weak,135,kips,,,,
Roderick & Loke,1975,SE 11,BS 4 x 3,4,in,0.24,in,3,in,0.35,in,42.7,ksi,,,203,mm,178,mm,3.25,cylinder,ksi,none,,,,,none,,,,,,,,,119.75,in,0.8,in,,,weak,88,kips,,,,
Roderick & Loke,1975,SE 12,BS 4 x 3,4,in,0.24,in,3,in,0.35,in,39.5,ksi,,,203,mm,178,mm,4.28,cylinder,ksi,none,,,,,none,,,,,,,,,119.75,in,1.5,in,,,weak,67,kips,,,,
Roderick & Loke,1975,SE 13,BS 4 x 1.75,4,in,0.17,in,1.75,in,0.24,in,43,ksi,,,203,mm,178,mm,3.07,cylinder,ksi,none,,,,,none,,,,,,,,,83.75,in,0,in,,,weak,180,kips,,,,
Roderick & Loke,1975,SE 14,BS 4 x 1.75,4,in,0.17,in,1.75,in,0.24,in,43,ksi,,,203,mm,178,mm,2.89,cylinder,ksi,none,,,,,none,,,,,,,,,83.75,in,0.4,in,,,weak,116,kips,,,,Premature failure at top end
Roderick & Loke,1975,SE 15,BS 4 x 1.75,4,in,0.17,in,1.75,in,0.24,in,43,ksi,,,203,mm,178,mm,3.81,cylinder,ksi,none,,,,,none,,,,,,,,,83.75,in,0.8,in,,,weak,108,kips,,,,Premature failure at top end
Roderick & Loke,1975,SE 16,BS 4 x 3,4,in,0.24,in,3,in,0.35,in,39.3,ksi,,,203,mm,178,mm,4.57,cylinder,ksi,none,,,,,none,,,,,,,,,119.75,in,0,in,,,Strong,303,kips,,,,
Roderick & Loke,1975,SE 17,BS 4 x 3,4,in,0.24,in,3,in,0.35,in,39.5,ksi,,,203,mm,178,mm,3.81,cylinder,ksi,none,,,,,none,,,,,,,,,119.75,in,0.4,in,,,Strong,214,kips,,,,
Roderick & Loke,1975,SE 18,BS 4 x 3,4,in,0.24,in,3,in,0.35,in,39.5,ksi,,,203,mm,178,mm,3.46,cylinder,ksi,none,,,,,none,,,,,,,,,119.75,in,0.8,in,,,Strong,175,kips,,,,
Chen et al.,1992,S1,W8 x 40,8.25,in,0.36,in,8.07,in,0.56,in,53.89,ksi,,,14,in,14,in,9520,cylinder,psi,2x-2y,#7,,68.29,ksi,ties,#3,,10,in,68.29,ksi,1,in,15,ft,0,cm,,,weak,1898,kips,,,,
Chen et al.,1992,S2,W8 x 40,8.25,in,0.36,in,8.07,in,0.56,in,53.89,ksi,,,14,in,14,in,8920,cylinder,psi,2x-2y,#7,,68.29,ksi,ties,#3,,10,in,68.29,ksi,1,in,15,ft,0,cm,,,weak,1499,kips,,,,
Chen et al.,1992,S3,W8 x 40,8.25,in,0.36,in,8.07,in,0.56,in,53.89,ksi,,,14,in,14,in,9100,cylinder,psi,2x-2y,#5,,84.85,ksi,ties,#3,,10,in,84.85,ksi,1,in,15,ft,0,cm,,,weak,1523,kips,,,,
Chen et al.,1992,S4,W8 x 40,8.25,in,0.36,in,8.07,in,0.56,in,53.89,ksi,,,14,in,14,in,9380,cylinder,psi,2x-2y,#7,,68.29,ksi,ties,#3,,7,in,68.29,ksi,1,in,15,ft,0,cm,,,weak,1922,kips,,,,
Chen et al.,1992,S5,W8 x 67,9,in,0.57,in,8.28,in,0.935,in,55.15,ksi,,,14,in,14,in,9490,cylinder,psi,2x-2y,#7,,68.29,ksi,ties,#3,,10,in,68.29,ksi,1,in,15,ft,0,cm,,,weak,2197,kips,,,,
Chen et al.,1992,S6,W8 x 28,8.06,in,0.285,in,6.54,in,0.465,in,50.02,ksi,,,14,in,14,in,9350,cylinder,psi,2x-2y,#7,,68.29,ksi,ties,#3,,7,in,68.29,ksi,1,in,15,ft,0,cm,,,weak,1847,kips,,,,
Chen et al.,1992,S7,W8 x 67,9,in,0.57,in,8.28,in,0.935,in,55.15,ksi,,,14,in,14,in,4340,cylinder,psi,2x-2y,#7,,68.29,ksi,ties,#3,,10,in,68.29,ksi,1,in,15,ft,0,cm,,,weak,1473,kips,,,,
Han et al.,1992,ALH-C-00,H-100x75x3.2x4.5,100,mm,3.2,mm,75,mm,4.5,mm,2980,kgscm,4130,kgscm,160,mm,160,mm,207,cylinder,kgscm,2x-2y,10,mm,2800,kgscm,none,,,,,,,10,mm,50,cm,0,cm,,,weak,79,tonne,,,,
Han et al.,1992,ALH-C-80,H-100x75x3.2x4.5,100,mm,3.2,mm,75,mm,4.5,mm,2980,kgscm,4130,kgscm,160,mm,160,mm,207,cylinder,kgscm,2x-2y,10,mm,2800,kgscm,ties,5,mm,80,mm,3920,kgscm,10,mm,50,cm,0,cm,,,weak,105.7,tonne,,,,
Han et al.,1992,ALH-C-40,H-100x75x3.2x4.5,100,mm,3.2,mm,75,mm,4.5,mm,2980,kgscm,4130,kgscm,160,mm,160,mm,207,cylinder,kgscm,2x-2y,10,mm,2800,kgscm,ties,5,mm,40,mm,3920,kgscm,10,mm,50,cm,0,cm,,,weak,112,tonne,,,,
Han et al.,1992,ALH-E-80,H-100x75x3.2x4.5,100,mm,3.2,mm,75,mm,4.5,mm,2980,kgscm,4130,kgscm,160,mm,160,mm,207,cylinder,kgscm,2x-2y,10,mm,2800,kgscm,ties,5,mm,80,mm,3920,kgscm,10,mm,50,cm,2,cm,,,weak,83.2,tonne,,,,
Han et al.,1992,ALH-E-40,H-100x75x3.2x4.5,100,mm,3.2,mm,75,mm,4.5,mm,2980,kgscm,4130,kgscm,160,mm,160,mm,207,cylinder,kgscm,2x-2y,10,mm,2800,kgscm,ties,5,mm,40,mm,3920,kgscm,10,mm,50,cm,2,cm,,,weak,92.4,tonne,,,,
Han et al.,1992,ARH-C-00,H-100x100x6x8,100,mm,6,mm,100,mm,8,mm,2930,kgscm,4440,kgscm,160,mm,160,mm,217,cylinder,kgscm,2x-2y,10,mm,2800,kgscm,none,,,,,,,10,mm,50,cm,0,cm,,,weak,130.4,tonne,,,,
Han et al.,1992,ARH-C-80,H-100x100x6x8,100,mm,6,mm,100,mm,8,mm,2930,kgscm,4440,kgscm,160,mm,160,mm,217,cylinder,kgscm,2x-2y,10,mm,2800,kgscm,ties,5,mm,80,mm,3920,kgscm,10,mm,50,cm,0,cm,,,weak,157.2,tonne,,,,
Han et al.,1992,ARH-C-40,H-100x100x6x8,100,mm,6,mm,100,mm,8,mm,2930,kgscm,4440,kgscm,160,mm,160,mm,217,cylinder,kgscm,2x-2y,10,mm,2800,kgscm,ties,5,mm,40,mm,3920,kgscm,10,mm,50,cm,0,cm,,,weak,160.8,tonne,,,,
Han et al.,1992,ARH-E-80,H-100x100x6x8,100,mm,6,mm,100,mm,8,mm,2930,kgscm,4440,kgscm,160,mm,160,mm,217,cylinder,kgscm,2x-2y,10,mm,2800,kgscm,ties,5,mm,80,mm,3920,kgscm,10,mm,50,cm,2,cm,,,weak,122.2,tonne,,,,
Han et al.,1992,ARH-E-40,H-100x100x6x8,100,mm,6,mm,100,mm,8,mm,2930,kgscm,4440,kgscm,160,mm,160,mm,217,cylinder,kgscm,2x-2y,10,mm,2800,kgscm,ties,5,mm,40,mm,3920,kgscm,10,mm,50,cm,2,cm,,,weak,129.6,tonne,,,,
Han & Kim,1995,AH2-E0-80,H-100x100x6x8,100,mm,6,mm,100,mm,8,mm,3160,kgscm,3830,kgscm,160,mm,160,mm,217,cylinder,kgscm,2x-2y,10,mm,2800,kgscm,ties,5,mm,80,mm,3920,kgscm,10,mm,70,cm,0,cm,,,strong,157.2,tonne,,,,
Han & Kim,1995,AH2-E2-80,H-100x100x6x8,100,mm,6,mm,100,mm,8,mm,3160,kgscm,3830,kgscm,160,mm,160,mm,217,cylinder,kgscm,2x-2y,10,mm,2800,kgscm,ties,5,mm,80,mm,3920,kgscm,10,mm,70,cm,2,cm,,,strong,122.2,tonne,,,,
Han & Kim,1995,AH2-E4-80,H-100x100x6x8,100,mm,6,mm,100,mm,8,mm,3160,kgscm,3830,kgscm,160,mm,160,mm,217,cylinder,kgscm,2x-2y,10,mm,2800,kgscm,ties,5,mm,80,mm,3920,kgscm,10,mm,70,cm,4,cm,,,strong,84,tonne,,,,
Han & Kim,1995,AH2-E8-80,H-100x100x6x8,100,mm,6,mm,100,mm,8,mm,3160,kgscm,3830,kgscm,160,mm,160,mm,217,cylinder,kgscm,2x-2y,10,mm,2800,kgscm,ties,5,mm,80,mm,3920,kgscm,10,mm,70,cm,8,cm,,,strong,53.7,tonne,,,,
Han & Kim,1995,BH2-E0-80,H-100x100x6x8,100,mm,6,mm,100,mm,8,mm,2940,kgscm,4070,kgscm,160,mm,160,mm,206,cylinder,kgscm,2x-2y,10,mm,2800,kgscm,ties,5,mm,80,mm,3920,kgscm,10,mm,120,cm,0,cm,,,strong,131.4,tonne,,,,
Han & Kim,1995,BH2-E2-80,H-100x100x6x8,100,mm,6,mm,100,mm,8,mm,2940,kgscm,4070,kgscm,160,mm,160,mm,206,cylinder,kgscm,2x-2y,10,mm,2800,kgscm,ties,5,mm,80,mm,3920,kgscm,10,mm,120,cm,2,cm,,,strong,99,tonne,,,,
Han & Kim,1995,BH2-E4-80,H-100x100x6x8,100,mm,6,mm,100,mm,8,mm,2940,kgscm,4070,kgscm,160,mm,160,mm,206,cylinder,kgscm,2x-2y,10,mm,2800,kgscm,ties,5,mm,80,mm,3920,kgscm,10,mm,120,cm,4,cm,,,strong,76.4,tonne,,,,
Han & Kim,1995,BH2-E8-80,H-100x100x6x8,100,mm,6,mm,100,mm,8,mm,2940,kgscm,4070,kgscm,160,mm,160,mm,206,cylinder,kgscm,2x-2y,10,mm,2800,kgscm,ties,5,mm,80,mm,3920,kgscm,10,mm,120,cm,8,cm,,,strong,50.9,tonne,,,,
Han & Kim,1995,CH1-E0-80,H-100x100x3.2x4.5,100,mm,3.2,mm,100,mm,4.5,mm,3100,kgscm,3390,kgscm,160,mm,160,mm,206,cylinder,kgscm,2x-2y,10,mm,2800,kgscm,ties,5,mm,80,mm,3920,kgscm,10,mm,170,cm,0,cm,,,strong,107.1,tonne,,,,
Han & Kim,1995,CH1-E2-80,H-100x100x3.2x4.5,100,mm,3.2,mm,100,mm,4.5,mm,3100,kgscm,3390,kgscm,160,mm,160,mm,206,cylinder,kgscm,2x-2y,10,mm,2800,kgscm,ties,5,mm,80,mm,3920,kgscm,10,mm,170,cm,2,cm,,,strong,89.4,tonne,,,,
Han & Kim,1995,CH1-E4-80,H-100x100x3.2x4.5,100,mm,3.2,mm,100,mm,4.5,mm,3100,kgscm,3390,kgscm,160,mm,160,mm,206,cylinder,kgscm,2x-2y,10,mm,2800,kgscm,ties,5,mm,80,mm,3920,kgscm,10,mm,170,cm,4,cm,,,strong,57.4,tonne,,,,
Han & Kim,1995,CH1-E8-80,H-100x100x3.2x4.5,100,mm,3.2,mm,100,mm,4.5,mm,3100,kgscm,3390,kgscm,160,mm,160,mm,206,cylinder,kgscm,2x-2y,10,mm,2800,kgscm,ties,5,mm,80,mm,3920,kgscm,10,mm,170,cm,8,cm,,,strong,35.2,tonne,,,,
Han & Kim,1995,CH2-E0-80,H-100x100x6x8,100,mm,6,mm,100,mm,8,mm,2940,kgscm,4070,kgscm,160,mm,160,mm,206,cylinder,kgscm,2x-2y,10,mm,2800,kgscm,ties,5,mm,80,mm,3920,kgscm,10,mm,170,cm,0,cm,,,strong,132,tonne,,,,
Han & Kim,1995,CH2-E2-80,H-100x100x6x8,100,mm,6,mm,100,mm,8,mm,2940,kgscm,4070,kgscm,160,mm,160,mm,206,cylinder,kgscm,2x-2y,10,mm,2800,kgscm,ties,5,mm,80,mm,3920,kgscm,10,mm,170,cm,2,cm,,,strong,100.3,tonne,,,,
Han & Kim,1995,CH2-E4-80,H-100x100x6x8,100,mm,6,mm,100,mm,8,mm,2940,kgscm,4070,kgscm,160,mm,160,mm,206,cylinder,kgscm,2x-2y,10,mm,2800,kgscm,ties,5,mm,80,mm,3920,kgscm,10,mm,170,cm,4,cm,,,strong,69.8,tonne,,,,
Han & Kim,1995,CH2-E8-80,H-100x100x6x8,100,mm,6,mm,100,mm,8,mm,2940,kgscm,4070,kgscm,160,mm,160,mm,206,cylinder,kgscm,2x-2y,10,mm,2800,kgscm,ties,5,mm,80,mm,3920,kgscm,10,mm,170,cm,8,cm,,,strong,48.6,tonne,,,,
Han & Kim,1995,DH2-E0-80,H-100x100x6x8,100,mm,6,mm,100,mm,8,mm,2940,kgscm,4070,kgscm,160,mm,160,mm,206,cylinder,kgscm,2x-2y,10,mm,2800,kgscm,ties,5,mm,80,mm,3920,kgscm,10,mm,220,cm,0,cm,,,strong,130.1,tonne,,,,
Han & Kim,1995,DH2-E2-80,H-100x100x6x8,100,mm,6,mm,100,mm,8,mm,2940,kgscm,4070,kgscm,160,mm,160,mm,206,cylinder,kgscm,2x-2y,10,mm,2800,kgscm,ties,5,mm,80,mm,3920,kgscm,10,mm,220,cm,2,cm,,,strong,86.4,tonne,,,,
Han & Kim,1995,DH2-E4-80,H-100x100x6x8,100,mm,6,mm,100,mm,8,mm,2940,kgscm,4070,kgscm,160,mm,160,mm,206,cylinder,kgscm,2x-2y,10,mm,2800,kgscm,ties,5,mm,80,mm,3920,kgscm,10,mm,220,cm,4,cm,,,strong,62.4,tonne,,,,
Han & Kim,1995,DH2-E8-80,H-100x100x6x8,100,mm,6,mm,100,mm,8,mm,2940,kgscm,4070,kgscm,160,mm,160,mm,206,cylinder,kgscm,2x-2y,10,mm,2800,kgscm,ties,5,mm,80,mm,3920,kgscm,10,mm,220,cm,8,cm,,,strong,48.9,tonne,,,,
Ye,1995,SRCC I-1,I10,100,mm,4.5,mm,68,mm,7.6,mm,312.5,MPa,,,160,mm,161,mm,43.84,cube,MPa,2x-2y,9,mm,300.2,MPa,ties,4,mm,100,mm,235,MPa,25,mm,1500,mm,320,mm,320,mm,strong,100,kN,13.62,mm,,
Ye,1995,SRCC I-2,I10,100,mm,4.5,mm,68,mm,7.6,mm,312.5,MPa,,,160,mm,160,mm,43.84,cube,MPa,2x-2y,9,mm,300.2,MPa,ties,4,mm,100,mm,235,MPa,25,mm,2000,mm,110,mm,110,mm,strong,290,kN,15.73,mm,,
Ye,1995,SRCC I-3,I10,100,mm,4.5,mm,68,mm,7.6,mm,312.5,MPa,,,160,mm,159,mm,43.84,cube,MPa,2x-2y,9,mm,300.2,MPa,ties,4,mm,100,mm,235,MPa,25,mm,2500,mm,15,mm,15,mm,strong,880,kN,5.19,mm,,
Ye,1995,SRCC I-4,I10,100,mm,4.5,mm,68,mm,7.6,mm,312.5,MPa,,,160,mm,160,mm,43.84,cube,MPa,2x-2y,9,mm,300.2,MPa,ties,4,mm,100,mm,235,MPa,25,mm,3000,mm,60,mm,60,mm,strong,450,kN,27.11,mm,,
Ye,1995,SRCC II-1,I10,100,mm,4.5,mm,68,mm,7.6,mm,312.5,MPa,,,160,mm,159,mm,53.57,cube,MPa,2x-2y,9,mm,300.2,MPa,ties,4,mm,100,mm,235,MPa,25,mm,1500,mm,30,mm,30,mm,strong,900,kN,4.47,mm,,
Ye,1995,SRCC II-2,I10,100,mm,4.5,mm,68,mm,7.6,mm,312.5,MPa,,,160,mm,160,mm,53.57,cube,MPa,2x-2y,9,mm,300.2,MPa,ties,4,mm,100,mm,235,MPa,25,mm,2000,mm,30,mm,30,mm,strong,838,kN,8.24,mm,,
Ye,1995,SRCC II-4,I10,100,mm,4.5,mm,68,mm,7.6,mm,312.5,MPa,,,162,mm,160,mm,53.57,cube,MPa,2x-2y,9,mm,300.2,MPa,ties,4,mm,100,mm,235,MPa,25,mm,3000,mm,30,mm,30,mm,strong,730,kN,13.6,mm,,
Ye,1995,SRCC III-1,I10,100,mm,4.5,mm,68,mm,7.6,mm,312.5,MPa,,,154,mm,159,mm,48.78,cube,MPa,2x-2y,9,mm,300.2,MPa,ties,4,mm,100,mm,235,MPa,25,mm,1500,mm,110,mm,110,mm,strong,320,kN,8.29,mm,,
Ye,1995,SRCC III-2,I10,100,mm,4.5,mm,68,mm,7.6,mm,312.5,MPa,,,159,mm,156,mm,48.78,cube,MPa,2x-2y,9,mm,300.2,MPa,ties,4,mm,100,mm,235,MPa,25,mm,2000,mm,110,mm,110,mm,strong,309,kN,17.68,mm,,
Ye,1995,SRCC III-3,I10,100,mm,4.5,mm,68,mm,7.6,mm,312.5,MPa,,,160,mm,160,mm,48.78,cube,MPa,2x-2y,9,mm,300.2,MPa,ties,4,mm,100,mm,235,MPa,25,mm,2500,mm,110,mm,110,mm,strong,295,kN,22.23,mm,,
Ye,1995,SRCC III-4,I10,100,mm,4.5,mm,68,mm,7.6,mm,312.5,MPa,,,162,mm,160,mm,48.78,cube,MPa,2x-2y,9,mm,300.2,MPa,ties,4,mm,100,mm,235,MPa,25,mm,3000,mm,110,mm,110,mm,strong,275,kN,29.13,mm,,
Ye,1995,SRCC IV-1,I10,100,mm,4.5,mm,68,mm,7.6,mm,312.5,MPa,,,161,mm,159,mm,34.3,cube,MPa,2x-2y,9,mm,300.2,MPa,ties,4,mm,100,mm,235,MPa,25,mm,1500,mm,250,mm,250,mm,strong,125,kN,11.56,mm,,
Ye,1995,SRCC IV-2,I10,100,mm,4.5,mm,68,mm,7.6,mm,312.5,MPa,,,162,mm,151,mm,34.3,cube,MPa,2x-2y,9,mm,300.2,MPa,ties,4,mm,100,mm,235,MPa,25,mm,2000,mm,250,mm,250,mm,strong,125,kN,17.7,mm,,
Ye,1995,SRCC IV-3,I10,100,mm,4.5,mm,68,mm,7.6,mm,312.5,MPa,,,161,mm,156,mm,34.3,cube,MPa,2x-2y,9,mm,300.2,MPa,ties,4,mm,100,mm,235,MPa,25,mm,2500,mm,250,mm,250,mm,strong,118,kN,26,mm,,
Ye,1995,SRCC IV-4,I10,100,mm,4.5,mm,68,mm,7.6,mm,312.5,MPa,,,162,mm,159,mm,34.3,cube,MPa,2x-2y,9,mm,300.2,MPa,ties,4,mm,100,mm,235,MPa,25,mm,3000,mm,250,mm,250,mm,strong,115,kN,36.1,mm,,